/*
SQLyog Community v13.2.1 (64 bit)
MySQL - 8.1.0 : Database - mall_pms
*********************************************************************
*/

/*!40101 SET NAMES utf8 */;

/*!40101 SET SQL_MODE=''*/;

/*!40014 SET @OLD_UNIQUE_CHECKS=@@UNIQUE_CHECKS, UNIQUE_CHECKS=0 */;
/*!40014 SET @OLD_FOREIGN_KEY_CHECKS=@@FOREIGN_KEY_CHECKS, FOREIGN_KEY_CHECKS=0 */;
/*!40101 SET @OLD_SQL_MODE=@@SQL_MODE, SQL_MODE='NO_AUTO_VALUE_ON_ZERO' */;
/*!40111 SET @OLD_SQL_NOTES=@@SQL_NOTES, SQL_NOTES=0 */;
CREATE DATABASE /*!32312 IF NOT EXISTS*/`mall_pms` /*!40100 DEFAULT CHARACTER SET utf8mb4 COLLATE utf8mb4_0900_ai_ci */ /*!80016 DEFAULT ENCRYPTION='N' */;

USE `mall_pms`;

/*Table structure for table `pms_attr` */

DROP TABLE IF EXISTS `pms_attr`;

CREATE TABLE `pms_attr` (
  `attr_id` bigint NOT NULL AUTO_INCREMENT COMMENT '属性id',
  `attr_name` char(30) DEFAULT NULL COMMENT '属性名',
  `search_type` tinyint DEFAULT NULL COMMENT '是否需要检索[0-不需要，1-需要]',
  `icon` varchar(255) DEFAULT NULL COMMENT '属性图标',
  `value_select` char(255) DEFAULT NULL COMMENT '可选值列表[用逗号分隔]',
  `attr_type` tinyint DEFAULT NULL COMMENT '属性类型[0-销售属性，1-基本属性，2-既是销售属性又是基本属性]',
  `enable` bigint DEFAULT NULL COMMENT '启用状态[0 - 禁用，1 - 启用]',
  `catelog_id` bigint DEFAULT NULL COMMENT '所属分类',
  `show_desc` tinyint DEFAULT NULL COMMENT '快速展示【是否展示在介绍上；0-否 1-是】，在sku中仍然可以调整',
  PRIMARY KEY (`attr_id`)
) ENGINE=InnoDB AUTO_INCREMENT=42 DEFAULT CHARSET=utf8mb4 COLLATE=utf8mb4_0900_ai_ci COMMENT='商品属性';

/*Data for the table `pms_attr` */

insert  into `pms_attr`(`attr_id`,`attr_name`,`search_type`,`icon`,`value_select`,`attr_type`,`enable`,`catelog_id`,`show_desc`) values 
(5,'入网型号',1,'dd','ANY-AN00;ANY-AN02',1,1,225,0),
(6,'颜色',1,'aa','白色;黑色;蓝色',0,1,225,0),
(7,'内存',1,'aa','4G;6G;8G',0,1,225,0),
(8,'型号',1,'abb','X001;X002',0,1,225,0),
(9,'屏幕尺寸',1,'aa','6.6英寸;5.4英寸',1,1,225,0),
(10,'屏幕分辨率',1,'xx','2400*1080（FHD+）',1,1,225,0),
(11,'屏幕特色',1,'aa','无',1,1,225,0),
(12,'上市日期',1,'aa','2022',1,1,225,0),
(13,'机型',1,'aa','',1,1,225,0),
(14,'机身尺寸',1,'aa','',1,1,225,0),
(15,'机身重量',1,'aa','',1,1,225,0),
(16,'机身颜色',1,'aa','白色;黑色',1,1,225,0),
(17,'充电功率',1,'aa','65W;45W',1,1,226,0),
(18,'面料成分',1,'aa','全棉;聚酯纤维',1,1,399,0),
(19,'风格',1,'aa','简约现代;美式;田园',1,1,399,0),
(20,'图案',1,'aa','纯色;花色;棕色;咖啡色',1,1,399,0),
(21,'产地',1,'aa','中国大陆;美国;俄罗斯',1,1,399,0),
(22,'面料成分',1,'aa','全棉;聚酯纤维',1,1,400,0),
(23,'图案',1,'aa','植物花卉;纯色;动漫;卡通',1,1,400,0),
(24,'风格',1,'aa','英伦风;简约风;美式;中国风;田园风',1,1,400,0),
(25,'织造工艺',1,'aa','斜纹;平纹;磨毛',1,1,400,0),
(26,'适用人群',1,'aa','成人;儿童;大众',1,1,400,0),
(27,'面料材质',1,'aaa','纯棉;聚酯纤维',1,1,401,0),
(28,'填充物',1,'aa','棉花;羽绒;聚酯纤维',1,1,401,0),
(29,'适用季节',1,'aa','四季;春季;夏季;秋季;冬季',1,1,401,0),
(30,'枕头面料',1,'aa','全棉;聚酯纤维',1,1,402,0),
(31,'形状',1,'aa','长方形;圆形;正方形',1,1,402,0),
(32,'填充物',1,'aa','羽丝绒;聚酯纤维;决明子;荞麦壳',1,1,402,0),
(33,'适用人群',1,'aa','大众;成人;儿童',1,1,402,0),
(34,'高度',1,'aa','高枕;中枕;低枕;超低枕',1,1,402,0),
(35,'颜色分类',0,'aa','',0,1,399,0),
(36,'尺寸',0,'aa','90x90cm;90x160cm;90x180cm',0,1,399,0),
(37,'颜色',0,'aa','',0,1,400,0),
(38,'尺寸',0,'aa','150x200cm;200x230cm;220x240cm',0,1,400,0),
(39,'颜色',0,'aa','',0,1,401,0),
(40,'尺寸',0,'aa','150x200cm;200x230cm;220x240cm',0,1,401,0),
(41,'颜色分类',0,'a','',0,1,402,0);

/*Table structure for table `pms_attr_attrgroup_relation` */

DROP TABLE IF EXISTS `pms_attr_attrgroup_relation`;

CREATE TABLE `pms_attr_attrgroup_relation` (
  `id` bigint NOT NULL AUTO_INCREMENT COMMENT 'id',
  `attr_id` bigint DEFAULT NULL COMMENT '属性id',
  `attr_group_id` bigint DEFAULT NULL COMMENT '属性分组id',
  `attr_sort` int DEFAULT NULL COMMENT '属性组内排序',
  PRIMARY KEY (`id`)
) ENGINE=InnoDB AUTO_INCREMENT=38 DEFAULT CHARSET=utf8mb4 COLLATE=utf8mb4_0900_ai_ci COMMENT='属性&属性分组关联';

/*Data for the table `pms_attr_attrgroup_relation` */

insert  into `pms_attr_attrgroup_relation`(`id`,`attr_id`,`attr_group_id`,`attr_sort`) values 
(3,5,10,NULL),
(11,4,10,NULL),
(12,9,11,NULL),
(13,10,11,NULL),
(14,11,11,NULL),
(15,12,10,NULL),
(16,13,10,NULL),
(17,14,12,NULL),
(18,15,12,NULL),
(19,16,12,NULL),
(20,17,13,NULL),
(21,18,17,NULL),
(22,19,17,NULL),
(23,20,17,NULL),
(24,21,17,NULL),
(25,22,14,NULL),
(26,23,14,NULL),
(27,24,14,NULL),
(28,25,14,NULL),
(29,26,14,NULL),
(30,27,15,NULL),
(31,28,15,NULL),
(32,29,15,NULL),
(33,30,16,NULL),
(34,31,16,NULL),
(35,32,16,NULL),
(36,33,16,NULL),
(37,34,16,NULL);

/*Table structure for table `pms_attr_group` */

DROP TABLE IF EXISTS `pms_attr_group`;

CREATE TABLE `pms_attr_group` (
  `attr_group_id` bigint NOT NULL AUTO_INCREMENT COMMENT '分组id',
  `attr_group_name` char(20) DEFAULT NULL COMMENT '组名',
  `sort` int DEFAULT NULL COMMENT '排序',
  `descript` varchar(255) DEFAULT NULL COMMENT '描述',
  `icon` varchar(255) DEFAULT NULL COMMENT '组图标',
  `catelog_id` bigint DEFAULT NULL COMMENT '所属分类id',
  PRIMARY KEY (`attr_group_id`)
) ENGINE=InnoDB AUTO_INCREMENT=18 DEFAULT CHARSET=utf8mb4 COLLATE=utf8mb4_0900_ai_ci COMMENT='属性分组';

/*Data for the table `pms_attr_group` */

insert  into `pms_attr_group`(`attr_group_id`,`attr_group_name`,`sort`,`descript`,`icon`,`catelog_id`) values 
(10,'主体',0,'主体','aa',225),
(11,'屏幕',0,'屏幕','aa',225),
(12,'基本信息',0,'基本信息','aa',225),
(13,'电池信息',0,'电池信息','aa',226),
(14,'主体',0,'主体','0',400),
(15,'主体',0,'主体','0',401),
(16,'主体',0,'主体','0',402),
(17,'主体',0,'主体','0',399);

/*Table structure for table `pms_brand` */

DROP TABLE IF EXISTS `pms_brand`;

CREATE TABLE `pms_brand` (
  `brand_id` bigint NOT NULL AUTO_INCREMENT COMMENT '品牌id',
  `name` char(50) DEFAULT NULL COMMENT '品牌名',
  `logo` varchar(2000) DEFAULT NULL COMMENT '品牌logo地址',
  `descript` longtext COMMENT '介绍',
  `show_status` tinyint DEFAULT NULL COMMENT '显示状态[0-不显示；1-显示]',
  `first_letter` char(1) DEFAULT NULL COMMENT '检索首字母',
  `sort` int DEFAULT NULL COMMENT '排序',
  PRIMARY KEY (`brand_id`)
) ENGINE=InnoDB AUTO_INCREMENT=16 DEFAULT CHARSET=utf8mb4 COLLATE=utf8mb4_0900_ai_ci COMMENT='品牌';

/*Data for the table `pms_brand` */

insert  into `pms_brand`(`brand_id`,`name`,`logo`,`descript`,`show_status`,`first_letter`,`sort`) values 
(1,'Apple','https://gulimall-renchao.oss-cn-hangzhou.aliyuncs.com/2022-07-20/29cab39b-ed53-47eb-86ea-3c9c5903c7ca_apple.png','苹果',1,'I',0),
(2,'小米','https://gulimall-renchao.oss-cn-hangzhou.aliyuncs.com/2022-07-20/fcf5c71b-5546-4632-8cc9-a85edb76d709_xiaomi.png','小米',1,'M',2),
(3,'华为','https://gulimall-renchao.oss-cn-hangzhou.aliyuncs.com/2022-07-20/19cbab71-d9a1-4a95-87f0-f26003d37f7d_huawei.png','华为',1,'H',1),
(11,'oppo','https://gulimall-renchao.oss-cn-hangzhou.aliyuncs.com/2022-07-20/22868f5c-9ffe-44b4-879c-ec3399731df3_oppo.png','oppo',1,'O',0),
(12,'水星家纺','https://gulimall-renchao.oss-cn-hangzhou.aliyuncs.com/2022-11-05/0a3848bc-d2d0-46a1-8aa3-31f0d4abb0e3_水星家纺.jpg','水星家纺',1,'S',0),
(13,'恒源祥','https://gulimall-renchao.oss-cn-hangzhou.aliyuncs.com/2022-11-05/c6121599-cb67-462d-871b-ed1ecbf3923a_恒源祥.jpg','恒源祥',1,'H',0),
(14,'富安娜','https://gulimall-renchao.oss-cn-hangzhou.aliyuncs.com/2022-11-05/2c1eb982-2259-4d91-83b2-280e651ac596_富安娜.jpg','富安娜',1,'F',0),
(15,'博洋家纺','https://gulimall-renchao.oss-cn-hangzhou.aliyuncs.com/2022-11-05/8aed1bef-b954-461d-82ca-96c8d253a9c2_博洋.jpg','博洋家纺',1,'B',0);

/*Table structure for table `pms_category` */

DROP TABLE IF EXISTS `pms_category`;

CREATE TABLE `pms_category` (
  `cat_id` bigint NOT NULL AUTO_INCREMENT COMMENT '分类id',
  `name` char(50) DEFAULT NULL COMMENT '分类名称',
  `parent_cid` bigint DEFAULT NULL COMMENT '父分类id',
  `cat_level` int DEFAULT NULL COMMENT '层级',
  `show_status` tinyint DEFAULT NULL COMMENT '是否显示[0-不显示，1显示]',
  `sort` int DEFAULT NULL COMMENT '排序',
  `icon` char(255) DEFAULT NULL COMMENT '图标地址',
  `product_unit` char(50) DEFAULT NULL COMMENT '计量单位',
  `product_count` int DEFAULT NULL COMMENT '商品数量',
  PRIMARY KEY (`cat_id`),
  KEY `parent_cid` (`parent_cid`)
) ENGINE=InnoDB AUTO_INCREMENT=1433 DEFAULT CHARSET=utf8mb4 COLLATE=utf8mb4_0900_ai_ci COMMENT='商品三级分类';

/*Data for the table `pms_category` */

insert  into `pms_category`(`cat_id`,`name`,`parent_cid`,`cat_level`,`show_status`,`sort`,`icon`,`product_unit`,`product_count`) values 
(1,'图书、音像、电子书刊',0,1,1,0,NULL,NULL,0),
(2,'手机',0,1,1,0,NULL,NULL,0),
(3,'家用电器',0,1,1,0,NULL,NULL,0),
(4,'数码',0,1,1,0,NULL,NULL,0),
(5,'家居家装',0,1,1,0,NULL,NULL,0),
(6,'电脑办公',0,1,1,0,NULL,NULL,0),
(7,'厨具',0,1,1,0,NULL,NULL,0),
(8,'个护化妆',0,1,1,0,NULL,NULL,0),
(9,'服饰内衣',0,1,1,0,NULL,NULL,0),
(10,'钟表',0,1,1,0,NULL,NULL,0),
(11,'鞋靴',0,1,1,0,NULL,NULL,0),
(12,'母婴',0,1,1,0,NULL,NULL,0),
(13,'礼品箱包',0,1,1,0,NULL,NULL,0),
(14,'食品饮料、保健食品',0,1,1,0,NULL,NULL,0),
(15,'珠宝',0,1,1,0,NULL,NULL,0),
(16,'汽车用品',0,1,1,0,NULL,NULL,0),
(17,'运动健康',0,1,1,0,NULL,NULL,0),
(18,'玩具乐器',0,1,1,0,NULL,NULL,0),
(19,'彩票、旅行、充值、票务',0,1,1,0,NULL,NULL,0),
(20,'生鲜',0,1,1,0,NULL,NULL,0),
(21,'整车',0,1,1,0,NULL,NULL,0),
(22,'电子书刊',1,2,1,0,NULL,NULL,0),
(23,'音像',1,2,1,0,NULL,NULL,0),
(24,'英文原版',1,2,1,0,NULL,NULL,0),
(25,'文艺',1,2,1,0,NULL,NULL,0),
(26,'少儿',1,2,1,0,NULL,NULL,0),
(27,'人文社科',1,2,1,0,NULL,NULL,0),
(28,'经管励志',1,2,1,0,NULL,NULL,0),
(29,'生活',1,2,1,0,NULL,NULL,0),
(30,'科技',1,2,1,0,NULL,NULL,0),
(31,'教育',1,2,1,0,NULL,NULL,0),
(32,'港台图书',1,2,1,0,NULL,NULL,0),
(33,'其他',1,2,1,0,NULL,NULL,0),
(34,'手机通讯',2,2,1,0,NULL,NULL,0),
(35,'运营商',2,2,1,0,NULL,NULL,0),
(36,'手机配件',2,2,1,0,NULL,NULL,0),
(37,'大 家 电',3,2,1,0,NULL,NULL,0),
(38,'厨卫大电',3,2,1,0,NULL,NULL,0),
(39,'厨房小电',3,2,1,0,NULL,NULL,0),
(40,'生活电器',3,2,1,0,NULL,NULL,0),
(41,'个护健康',3,2,1,0,NULL,NULL,0),
(42,'五金家装',3,2,1,0,NULL,NULL,0),
(43,'摄影摄像',4,2,1,0,NULL,NULL,0),
(44,'数码配件',4,2,1,0,NULL,NULL,0),
(45,'智能设备',4,2,1,0,NULL,NULL,0),
(46,'影音娱乐',4,2,1,0,NULL,NULL,0),
(47,'电子教育',4,2,1,0,NULL,NULL,0),
(48,'虚拟商品',4,2,1,0,NULL,NULL,0),
(49,'家纺',5,2,1,0,NULL,NULL,0),
(50,'灯具',5,2,1,0,NULL,NULL,0),
(51,'生活日用',5,2,1,0,NULL,NULL,0),
(52,'家装软饰',5,2,1,0,NULL,NULL,0),
(53,'宠物生活',5,2,1,0,NULL,NULL,0),
(54,'电脑整机',6,2,1,0,NULL,NULL,0),
(55,'电脑配件',6,2,1,0,NULL,NULL,0),
(56,'外设产品',6,2,1,0,NULL,NULL,0),
(57,'游戏设备',6,2,1,0,NULL,NULL,0),
(58,'网络产品',6,2,1,0,NULL,NULL,0),
(59,'办公设备',6,2,1,0,NULL,NULL,0),
(60,'文具/耗材',6,2,1,0,NULL,NULL,0),
(61,'服务产品',6,2,1,0,NULL,NULL,0),
(62,'烹饪锅具',7,2,1,0,NULL,NULL,0),
(63,'刀剪菜板',7,2,1,0,NULL,NULL,0),
(64,'厨房配件',7,2,1,0,NULL,NULL,0),
(65,'水具酒具',7,2,1,0,NULL,NULL,0),
(66,'餐具',7,2,1,0,NULL,NULL,0),
(67,'酒店用品',7,2,1,0,NULL,NULL,0),
(68,'茶具/咖啡具',7,2,1,0,NULL,NULL,0),
(69,'清洁用品',8,2,1,0,NULL,NULL,0),
(70,'面部护肤',8,2,1,0,NULL,NULL,0),
(71,'身体护理',8,2,1,0,NULL,NULL,0),
(72,'口腔护理',8,2,1,0,NULL,NULL,0),
(73,'女性护理',8,2,1,0,NULL,NULL,0),
(74,'洗发护发',8,2,1,0,NULL,NULL,0),
(75,'香水彩妆',8,2,1,0,NULL,NULL,0),
(76,'女装',9,2,1,0,NULL,NULL,0),
(77,'男装',9,2,1,0,NULL,NULL,0),
(78,'内衣',9,2,1,0,NULL,NULL,0),
(79,'洗衣服务',9,2,1,0,NULL,NULL,0),
(80,'服饰配件',9,2,1,0,NULL,NULL,0),
(81,'钟表',10,2,1,0,NULL,NULL,0),
(82,'流行男鞋',11,2,1,0,NULL,NULL,0),
(83,'时尚女鞋',11,2,1,0,NULL,NULL,0),
(84,'奶粉',12,2,1,0,NULL,NULL,0),
(85,'营养辅食',12,2,1,0,NULL,NULL,0),
(86,'尿裤湿巾',12,2,1,0,NULL,NULL,0),
(87,'喂养用品',12,2,1,0,NULL,NULL,0),
(88,'洗护用品',12,2,1,0,NULL,NULL,0),
(89,'童车童床',12,2,1,0,NULL,NULL,0),
(90,'寝居服饰',12,2,1,0,NULL,NULL,0),
(91,'妈妈专区',12,2,1,0,NULL,NULL,0),
(92,'童装童鞋',12,2,1,0,NULL,NULL,0),
(93,'安全座椅',12,2,1,0,NULL,NULL,0),
(94,'潮流女包',13,2,1,0,NULL,NULL,0),
(95,'精品男包',13,2,1,0,NULL,NULL,0),
(96,'功能箱包',13,2,1,0,NULL,NULL,0),
(97,'礼品',13,2,1,0,NULL,NULL,0),
(98,'奢侈品',13,2,1,0,NULL,NULL,0),
(99,'婚庆',13,2,1,0,NULL,NULL,0),
(100,'进口食品',14,2,1,0,NULL,NULL,0),
(101,'地方特产',14,2,1,0,NULL,NULL,0),
(102,'休闲食品',14,2,1,0,NULL,NULL,0),
(103,'粮油调味',14,2,1,0,NULL,NULL,0),
(104,'饮料冲调',14,2,1,0,NULL,NULL,0),
(105,'食品礼券',14,2,1,0,NULL,NULL,0),
(106,'茗茶',14,2,1,0,NULL,NULL,0),
(107,'时尚饰品',15,2,1,0,NULL,NULL,0),
(108,'黄金',15,2,1,0,NULL,NULL,0),
(109,'K金饰品',15,2,1,0,NULL,NULL,0),
(110,'金银投资',15,2,1,0,NULL,NULL,0),
(111,'银饰',15,2,1,0,NULL,NULL,0),
(112,'钻石',15,2,1,0,NULL,NULL,0),
(113,'翡翠玉石',15,2,1,0,NULL,NULL,0),
(114,'水晶玛瑙',15,2,1,0,NULL,NULL,0),
(115,'彩宝',15,2,1,0,NULL,NULL,0),
(116,'铂金',15,2,1,0,NULL,NULL,0),
(117,'木手串/把件',15,2,1,0,NULL,NULL,0),
(118,'珍珠',15,2,1,0,NULL,NULL,0),
(119,'维修保养',16,2,1,0,NULL,NULL,0),
(120,'车载电器',16,2,1,0,NULL,NULL,0),
(121,'美容清洗',16,2,1,0,NULL,NULL,0),
(122,'汽车装饰',16,2,1,0,NULL,NULL,0),
(123,'安全自驾',16,2,1,0,NULL,NULL,0),
(124,'汽车服务',16,2,1,0,NULL,NULL,0),
(125,'赛事改装',16,2,1,0,NULL,NULL,0),
(126,'运动鞋包',17,2,1,0,NULL,NULL,0),
(127,'运动服饰',17,2,1,0,NULL,NULL,0),
(128,'骑行运动',17,2,1,0,NULL,NULL,0),
(129,'垂钓用品',17,2,1,0,NULL,NULL,0),
(130,'游泳用品',17,2,1,0,NULL,NULL,0),
(131,'户外鞋服',17,2,1,0,NULL,NULL,0),
(132,'户外装备',17,2,1,0,NULL,NULL,0),
(133,'健身训练',17,2,1,0,NULL,NULL,0),
(134,'体育用品',17,2,1,0,NULL,NULL,0),
(135,'适用年龄',18,2,1,0,NULL,NULL,0),
(136,'遥控/电动',18,2,1,0,NULL,NULL,0),
(137,'毛绒布艺',18,2,1,0,NULL,NULL,0),
(138,'娃娃玩具',18,2,1,0,NULL,NULL,0),
(139,'模型玩具',18,2,1,0,NULL,NULL,0),
(140,'健身玩具',18,2,1,0,NULL,NULL,0),
(141,'动漫玩具',18,2,1,0,NULL,NULL,0),
(142,'益智玩具',18,2,1,0,NULL,NULL,0),
(143,'积木拼插',18,2,1,0,NULL,NULL,0),
(144,'DIY玩具',18,2,1,0,NULL,NULL,0),
(145,'创意减压',18,2,1,0,NULL,NULL,0),
(146,'乐器',18,2,1,0,NULL,NULL,0),
(147,'彩票',19,2,1,0,NULL,NULL,0),
(148,'机票',19,2,1,0,NULL,NULL,0),
(149,'酒店',19,2,1,0,NULL,NULL,0),
(150,'旅行',19,2,1,0,NULL,NULL,0),
(151,'充值',19,2,1,0,NULL,NULL,0),
(152,'游戏',19,2,1,0,NULL,NULL,0),
(153,'票务',19,2,1,0,NULL,NULL,0),
(154,'产地直供',20,2,1,0,NULL,NULL,0),
(155,'水果',20,2,1,0,NULL,NULL,0),
(156,'猪牛羊肉',20,2,1,0,NULL,NULL,0),
(157,'海鲜水产',20,2,1,0,NULL,NULL,0),
(158,'禽肉蛋品',20,2,1,0,NULL,NULL,0),
(159,'冷冻食品',20,2,1,0,NULL,NULL,0),
(160,'熟食腊味',20,2,1,0,NULL,NULL,0),
(161,'饮品甜品',20,2,1,0,NULL,NULL,0),
(162,'蔬菜',20,2,1,0,NULL,NULL,0),
(163,'全新整车',21,2,1,0,NULL,NULL,0),
(164,'二手车',21,2,1,0,NULL,NULL,0),
(165,'电子书6',22,3,1,0,NULL,NULL,0),
(166,'网络原创',22,3,1,0,NULL,NULL,0),
(167,'数字杂志',22,3,1,0,NULL,NULL,0),
(168,'多媒体图书',22,3,1,0,NULL,NULL,0),
(169,'音乐',23,3,1,0,NULL,NULL,0),
(170,'影视',23,3,1,0,NULL,NULL,0),
(171,'教育音像',23,3,1,0,NULL,NULL,0),
(172,'少儿',24,3,1,0,NULL,NULL,0),
(173,'商务投资',24,3,1,0,NULL,NULL,0),
(174,'英语学习与考试',24,3,1,0,NULL,NULL,0),
(175,'文学',24,3,1,0,NULL,NULL,0),
(176,'传记',24,3,1,0,NULL,NULL,0),
(177,'励志',24,3,1,0,NULL,NULL,0),
(178,'小说',25,3,1,0,NULL,NULL,0),
(179,'文学',25,3,1,0,NULL,NULL,0),
(180,'青春文学',25,3,1,0,NULL,NULL,0),
(181,'传记',25,3,1,0,NULL,NULL,0),
(182,'艺术',25,3,1,0,NULL,NULL,0),
(183,'少儿',26,3,1,0,NULL,NULL,0),
(184,'0-2岁',26,3,1,0,NULL,NULL,0),
(185,'3-6岁',26,3,1,0,NULL,NULL,0),
(186,'7-10岁',26,3,1,0,NULL,NULL,0),
(187,'11-14岁',26,3,1,0,NULL,NULL,0),
(188,'历史',27,3,1,0,NULL,NULL,0),
(189,'哲学',27,3,1,0,NULL,NULL,0),
(190,'国学',27,3,1,0,NULL,NULL,0),
(191,'政治/军事',27,3,1,0,NULL,NULL,0),
(192,'法律',27,3,1,0,NULL,NULL,0),
(193,'人文社科',27,3,1,0,NULL,NULL,0),
(194,'心理学',27,3,1,0,NULL,NULL,0),
(195,'文化',27,3,1,0,NULL,NULL,0),
(196,'社会科学',27,3,1,0,NULL,NULL,0),
(197,'经济',28,3,1,0,NULL,NULL,0),
(198,'金融与投资',28,3,1,0,NULL,NULL,0),
(199,'管理',28,3,1,0,NULL,NULL,0),
(200,'励志与成功',28,3,1,0,NULL,NULL,0),
(201,'生活',29,3,1,0,NULL,NULL,0),
(202,'健身与保健',29,3,1,0,NULL,NULL,0),
(203,'家庭与育儿',29,3,1,0,NULL,NULL,0),
(204,'旅游',29,3,1,0,NULL,NULL,0),
(205,'烹饪美食',29,3,1,0,NULL,NULL,0),
(206,'工业技术',30,3,1,0,NULL,NULL,0),
(207,'科普读物',30,3,1,0,NULL,NULL,0),
(208,'建筑',30,3,1,0,NULL,NULL,0),
(209,'医学',30,3,1,0,NULL,NULL,0),
(210,'科学与自然',30,3,1,0,NULL,NULL,0),
(211,'计算机与互联网',30,3,1,0,NULL,NULL,0),
(212,'电子通信',30,3,1,0,NULL,NULL,0),
(213,'中小学教辅',31,3,1,0,NULL,NULL,0),
(214,'教育与考试',31,3,1,0,NULL,NULL,0),
(215,'外语学习',31,3,1,0,NULL,NULL,0),
(216,'大中专教材',31,3,1,0,NULL,NULL,0),
(217,'字典词典',31,3,1,0,NULL,NULL,0),
(218,'艺术/设计/收藏',32,3,1,0,NULL,NULL,0),
(219,'经济管理',32,3,1,0,NULL,NULL,0),
(220,'文化/学术',32,3,1,0,NULL,NULL,0),
(221,'少儿',32,3,1,0,NULL,NULL,0),
(222,'工具书',33,3,1,0,NULL,NULL,0),
(223,'杂志/期刊',33,3,1,0,NULL,NULL,0),
(224,'套装书',33,3,1,0,NULL,NULL,0),
(225,'手机',34,3,1,0,NULL,NULL,0),
(226,'对讲机',34,3,1,0,NULL,NULL,0),
(227,'合约机',35,3,1,0,NULL,NULL,0),
(228,'选号中心',35,3,1,0,NULL,NULL,0),
(229,'装宽带',35,3,1,0,NULL,NULL,0),
(230,'办套餐',35,3,1,0,NULL,NULL,0),
(231,'移动电源',36,3,1,0,NULL,NULL,0),
(232,'电池/移动电源',36,3,1,0,NULL,NULL,0),
(233,'蓝牙耳机',36,3,1,0,NULL,NULL,0),
(234,'充电器/数据线',36,3,1,0,NULL,NULL,0),
(235,'苹果周边',36,3,1,0,NULL,NULL,0),
(236,'手机耳机',36,3,1,0,NULL,NULL,0),
(237,'手机贴膜',36,3,1,0,NULL,NULL,0),
(238,'手机存储卡',36,3,1,0,NULL,NULL,0),
(239,'充电器',36,3,1,0,NULL,NULL,0),
(240,'数据线',36,3,1,0,NULL,NULL,0),
(241,'手机保护套',36,3,1,0,NULL,NULL,0),
(242,'车载配件',36,3,1,0,NULL,NULL,0),
(243,'iPhone 配件',36,3,1,0,NULL,NULL,0),
(244,'手机电池',36,3,1,0,NULL,NULL,0),
(245,'创意配件',36,3,1,0,NULL,NULL,0),
(246,'便携/无线音响',36,3,1,0,NULL,NULL,0),
(247,'手机饰品',36,3,1,0,NULL,NULL,0),
(248,'拍照配件',36,3,1,0,NULL,NULL,0),
(249,'手机支架',36,3,1,0,NULL,NULL,0),
(250,'平板电视',37,3,1,0,NULL,NULL,0),
(251,'空调',37,3,1,0,NULL,NULL,0),
(252,'冰箱',37,3,1,0,NULL,NULL,0),
(253,'洗衣机',37,3,1,0,NULL,NULL,0),
(254,'家庭影院',37,3,1,0,NULL,NULL,0),
(255,'DVD/电视盒子',37,3,1,0,NULL,NULL,0),
(256,'迷你音响',37,3,1,0,NULL,NULL,0),
(257,'冷柜/冰吧',37,3,1,0,NULL,NULL,0),
(258,'家电配件',37,3,1,0,NULL,NULL,0),
(259,'功放',37,3,1,0,NULL,NULL,0),
(260,'回音壁/Soundbar',37,3,1,0,NULL,NULL,0),
(261,'Hi-Fi专区',37,3,1,0,NULL,NULL,0),
(262,'电视盒子',37,3,1,0,NULL,NULL,0),
(263,'酒柜',37,3,1,0,NULL,NULL,0),
(264,'燃气灶',38,3,1,0,NULL,NULL,0),
(265,'油烟机',38,3,1,0,NULL,NULL,0),
(266,'热水器',38,3,1,0,NULL,NULL,0),
(267,'消毒柜',38,3,1,0,NULL,NULL,0),
(268,'洗碗机',38,3,1,0,NULL,NULL,0),
(269,'料理机',39,3,1,0,NULL,NULL,0),
(270,'榨汁机',39,3,1,0,NULL,NULL,0),
(271,'电饭煲',39,3,1,0,NULL,NULL,0),
(272,'电压力锅',39,3,1,0,NULL,NULL,0),
(273,'豆浆机',39,3,1,0,NULL,NULL,0),
(274,'咖啡机',39,3,1,0,NULL,NULL,0),
(275,'微波炉',39,3,1,0,NULL,NULL,0),
(276,'电烤箱',39,3,1,0,NULL,NULL,0),
(277,'电磁炉',39,3,1,0,NULL,NULL,0),
(278,'面包机',39,3,1,0,NULL,NULL,0),
(279,'煮蛋器',39,3,1,0,NULL,NULL,0),
(280,'酸奶机',39,3,1,0,NULL,NULL,0),
(281,'电炖锅',39,3,1,0,NULL,NULL,0),
(282,'电水壶/热水瓶',39,3,1,0,NULL,NULL,0),
(283,'电饼铛',39,3,1,0,NULL,NULL,0),
(284,'多用途锅',39,3,1,0,NULL,NULL,0),
(285,'电烧烤炉',39,3,1,0,NULL,NULL,0),
(286,'果蔬解毒机',39,3,1,0,NULL,NULL,0),
(287,'其它厨房电器',39,3,1,0,NULL,NULL,0),
(288,'养生壶/煎药壶',39,3,1,0,NULL,NULL,0),
(289,'电热饭盒',39,3,1,0,NULL,NULL,0),
(290,'取暖电器',40,3,1,0,NULL,NULL,0),
(291,'净化器',40,3,1,0,NULL,NULL,0),
(292,'加湿器',40,3,1,0,NULL,NULL,0),
(293,'扫地机器人',40,3,1,0,NULL,NULL,0),
(294,'吸尘器',40,3,1,0,NULL,NULL,0),
(295,'挂烫机/熨斗',40,3,1,0,NULL,NULL,0),
(296,'插座',40,3,1,0,NULL,NULL,0),
(297,'电话机',40,3,1,0,NULL,NULL,0),
(298,'清洁机',40,3,1,0,NULL,NULL,0),
(299,'除湿机',40,3,1,0,NULL,NULL,0),
(300,'干衣机',40,3,1,0,NULL,NULL,0),
(301,'收录/音机',40,3,1,0,NULL,NULL,0),
(302,'电风扇',40,3,1,0,NULL,NULL,0),
(303,'冷风扇',40,3,1,0,NULL,NULL,0),
(304,'其它生活电器',40,3,1,0,NULL,NULL,0),
(305,'生活电器配件',40,3,1,0,NULL,NULL,0),
(306,'净水器',40,3,1,0,NULL,NULL,0),
(307,'饮水机',40,3,1,0,NULL,NULL,0),
(308,'剃须刀',41,3,1,0,NULL,NULL,0),
(309,'剃/脱毛器',41,3,1,0,NULL,NULL,0),
(310,'口腔护理',41,3,1,0,NULL,NULL,0),
(311,'电吹风',41,3,1,0,NULL,NULL,0),
(312,'美容器',41,3,1,0,NULL,NULL,0),
(313,'理发器',41,3,1,0,NULL,NULL,0),
(314,'卷/直发器',41,3,1,0,NULL,NULL,0),
(315,'按摩椅',41,3,1,0,NULL,NULL,0),
(316,'按摩器',41,3,1,0,NULL,NULL,0),
(317,'足浴盆',41,3,1,0,NULL,NULL,0),
(318,'血压计',41,3,1,0,NULL,NULL,0),
(319,'电子秤/厨房秤',41,3,1,0,NULL,NULL,0),
(320,'血糖仪',41,3,1,0,NULL,NULL,0),
(321,'体温计',41,3,1,0,NULL,NULL,0),
(322,'其它健康电器',41,3,1,0,NULL,NULL,0),
(323,'计步器/脂肪检测仪',41,3,1,0,NULL,NULL,0),
(324,'电动工具',42,3,1,0,NULL,NULL,0),
(325,'手动工具',42,3,1,0,NULL,NULL,0),
(326,'仪器仪表',42,3,1,0,NULL,NULL,0),
(327,'浴霸/排气扇',42,3,1,0,NULL,NULL,0),
(328,'灯具',42,3,1,0,NULL,NULL,0),
(329,'LED灯',42,3,1,0,NULL,NULL,0),
(330,'洁身器',42,3,1,0,NULL,NULL,0),
(331,'水槽',42,3,1,0,NULL,NULL,0),
(332,'龙头',42,3,1,0,NULL,NULL,0),
(333,'淋浴花洒',42,3,1,0,NULL,NULL,0),
(334,'厨卫五金',42,3,1,0,NULL,NULL,0),
(335,'家具五金',42,3,1,0,NULL,NULL,0),
(336,'门铃',42,3,1,0,NULL,NULL,0),
(337,'电气开关',42,3,1,0,NULL,NULL,0),
(338,'插座',42,3,1,0,NULL,NULL,0),
(339,'电工电料',42,3,1,0,NULL,NULL,0),
(340,'监控安防',42,3,1,0,NULL,NULL,0),
(341,'电线/线缆',42,3,1,0,NULL,NULL,0),
(342,'数码相机',43,3,1,0,NULL,NULL,0),
(343,'单电/微单相机',43,3,1,0,NULL,NULL,0),
(344,'单反相机',43,3,1,0,NULL,NULL,0),
(345,'摄像机',43,3,1,0,NULL,NULL,0),
(346,'拍立得',43,3,1,0,NULL,NULL,0),
(347,'运动相机',43,3,1,0,NULL,NULL,0),
(348,'镜头',43,3,1,0,NULL,NULL,0),
(349,'户外器材',43,3,1,0,NULL,NULL,0),
(350,'影棚器材',43,3,1,0,NULL,NULL,0),
(351,'冲印服务',43,3,1,0,NULL,NULL,0),
(352,'数码相框',43,3,1,0,NULL,NULL,0),
(353,'存储卡',44,3,1,0,NULL,NULL,0),
(354,'读卡器',44,3,1,0,NULL,NULL,0),
(355,'滤镜',44,3,1,0,NULL,NULL,0),
(356,'闪光灯/手柄',44,3,1,0,NULL,NULL,0),
(357,'相机包',44,3,1,0,NULL,NULL,0),
(358,'三脚架/云台',44,3,1,0,NULL,NULL,0),
(359,'相机清洁/贴膜',44,3,1,0,NULL,NULL,0),
(360,'机身附件',44,3,1,0,NULL,NULL,0),
(361,'镜头附件',44,3,1,0,NULL,NULL,0),
(362,'电池/充电器',44,3,1,0,NULL,NULL,0),
(363,'移动电源',44,3,1,0,NULL,NULL,0),
(364,'数码支架',44,3,1,0,NULL,NULL,0),
(365,'智能手环',45,3,1,0,NULL,NULL,0),
(366,'智能手表',45,3,1,0,NULL,NULL,0),
(367,'智能眼镜',45,3,1,0,NULL,NULL,0),
(368,'运动跟踪器',45,3,1,0,NULL,NULL,0),
(369,'健康监测',45,3,1,0,NULL,NULL,0),
(370,'智能配饰',45,3,1,0,NULL,NULL,0),
(371,'智能家居',45,3,1,0,NULL,NULL,0),
(372,'体感车',45,3,1,0,NULL,NULL,0),
(373,'其他配件',45,3,1,0,NULL,NULL,0),
(374,'智能机器人',45,3,1,0,NULL,NULL,0),
(375,'无人机',45,3,1,0,NULL,NULL,0),
(376,'MP3/MP4',46,3,1,0,NULL,NULL,0),
(377,'智能设备',46,3,1,0,NULL,NULL,0),
(378,'耳机/耳麦',46,3,1,0,NULL,NULL,0),
(379,'便携/无线音箱',46,3,1,0,NULL,NULL,0),
(380,'音箱/音响',46,3,1,0,NULL,NULL,0),
(381,'高清播放器',46,3,1,0,NULL,NULL,0),
(382,'收音机',46,3,1,0,NULL,NULL,0),
(383,'MP3/MP4配件',46,3,1,0,NULL,NULL,0),
(384,'麦克风',46,3,1,0,NULL,NULL,0),
(385,'专业音频',46,3,1,0,NULL,NULL,0),
(386,'苹果配件',46,3,1,0,NULL,NULL,0),
(387,'学生平板',47,3,1,0,NULL,NULL,0),
(388,'点读机/笔',47,3,1,0,NULL,NULL,0),
(389,'早教益智',47,3,1,0,NULL,NULL,0),
(390,'录音笔',47,3,1,0,NULL,NULL,0),
(391,'电纸书',47,3,1,0,NULL,NULL,0),
(392,'电子词典',47,3,1,0,NULL,NULL,0),
(393,'复读机',47,3,1,0,NULL,NULL,0),
(394,'延保服务',48,3,1,0,NULL,NULL,0),
(395,'杀毒软件',48,3,1,0,NULL,NULL,0),
(396,'积分商品',48,3,1,0,NULL,NULL,0),
(397,'桌布/罩件',49,3,1,0,NULL,NULL,0),
(398,'地毯地垫',49,3,1,0,NULL,NULL,0),
(399,'沙发垫套/椅垫',49,3,1,0,NULL,NULL,0),
(400,'床品套件',49,3,1,0,NULL,NULL,0),
(401,'被子',49,3,1,0,NULL,NULL,0),
(402,'枕芯',49,3,1,0,NULL,NULL,0),
(403,'床单被罩',49,3,1,0,NULL,NULL,0),
(404,'毯子',49,3,1,0,NULL,NULL,0),
(405,'床垫/床褥',49,3,1,0,NULL,NULL,0),
(406,'蚊帐',49,3,1,0,NULL,NULL,0),
(407,'抱枕靠垫',49,3,1,0,NULL,NULL,0),
(408,'毛巾浴巾',49,3,1,0,NULL,NULL,0),
(409,'电热毯',49,3,1,0,NULL,NULL,0),
(410,'窗帘/窗纱',49,3,1,0,NULL,NULL,0),
(411,'布艺软饰',49,3,1,0,NULL,NULL,0),
(412,'凉席',49,3,1,0,NULL,NULL,0),
(413,'台灯',50,3,1,0,NULL,NULL,0),
(414,'节能灯',50,3,1,0,NULL,NULL,0),
(415,'装饰灯',50,3,1,0,NULL,NULL,0),
(416,'落地灯',50,3,1,0,NULL,NULL,0),
(417,'应急灯/手电',50,3,1,0,NULL,NULL,0),
(418,'LED灯',50,3,1,0,NULL,NULL,0),
(419,'吸顶灯',50,3,1,0,NULL,NULL,0),
(420,'五金电器',50,3,1,0,NULL,NULL,0),
(421,'筒灯射灯',50,3,1,0,NULL,NULL,0),
(422,'吊灯',50,3,1,0,NULL,NULL,0),
(423,'氛围照明',50,3,1,0,NULL,NULL,0),
(424,'保暖防护',51,3,1,0,NULL,NULL,0),
(425,'收纳用品',51,3,1,0,NULL,NULL,0),
(426,'雨伞雨具',51,3,1,0,NULL,NULL,0),
(427,'浴室用品',51,3,1,0,NULL,NULL,0),
(428,'缝纫/针织用品',51,3,1,0,NULL,NULL,0),
(429,'洗晒/熨烫',51,3,1,0,NULL,NULL,0),
(430,'净化除味',51,3,1,0,NULL,NULL,0),
(431,'相框/照片墙',52,3,1,0,NULL,NULL,0),
(432,'装饰字画',52,3,1,0,NULL,NULL,0),
(433,'节庆饰品',52,3,1,0,NULL,NULL,0),
(434,'手工/十字绣',52,3,1,0,NULL,NULL,0),
(435,'装饰摆件',52,3,1,0,NULL,NULL,0),
(436,'帘艺隔断',52,3,1,0,NULL,NULL,0),
(437,'墙贴/装饰贴',52,3,1,0,NULL,NULL,0),
(438,'钟饰',52,3,1,0,NULL,NULL,0),
(439,'花瓶花艺',52,3,1,0,NULL,NULL,0),
(440,'香薰蜡烛',52,3,1,0,NULL,NULL,0),
(441,'创意家居',52,3,1,0,NULL,NULL,0),
(442,'宠物主粮',53,3,1,0,NULL,NULL,0),
(443,'宠物零食',53,3,1,0,NULL,NULL,0),
(444,'医疗保健',53,3,1,0,NULL,NULL,0),
(445,'家居日用',53,3,1,0,NULL,NULL,0),
(446,'宠物玩具',53,3,1,0,NULL,NULL,0),
(447,'出行装备',53,3,1,0,NULL,NULL,0),
(448,'洗护美容',53,3,1,0,NULL,NULL,0),
(449,'笔记本',54,3,1,0,NULL,NULL,0),
(450,'超极本',54,3,1,0,NULL,NULL,0),
(451,'游戏本',54,3,1,0,NULL,NULL,0),
(452,'平板电脑',54,3,1,0,NULL,NULL,0),
(453,'平板电脑配件',54,3,1,0,NULL,NULL,0),
(454,'台式机',54,3,1,0,NULL,NULL,0),
(455,'服务器/工作站',54,3,1,0,NULL,NULL,0),
(456,'笔记本配件',54,3,1,0,NULL,NULL,0),
(457,'一体机',54,3,1,0,NULL,NULL,0),
(458,'CPU',55,3,1,0,NULL,NULL,0),
(459,'主板',55,3,1,0,NULL,NULL,0),
(460,'显卡',55,3,1,0,NULL,NULL,0),
(461,'硬盘',55,3,1,0,NULL,NULL,0),
(462,'SSD固态硬盘',55,3,1,0,NULL,NULL,0),
(463,'内存',55,3,1,0,NULL,NULL,0),
(464,'机箱',55,3,1,0,NULL,NULL,0),
(465,'电源',55,3,1,0,NULL,NULL,0),
(466,'显示器',55,3,1,0,NULL,NULL,0),
(467,'刻录机/光驱',55,3,1,0,NULL,NULL,0),
(468,'散热器',55,3,1,0,NULL,NULL,0),
(469,'声卡/扩展卡',55,3,1,0,NULL,NULL,0),
(470,'装机配件',55,3,1,0,NULL,NULL,0),
(471,'组装电脑',55,3,1,0,NULL,NULL,0),
(472,'移动硬盘',56,3,1,0,NULL,NULL,0),
(473,'U盘',56,3,1,0,NULL,NULL,0),
(474,'鼠标',56,3,1,0,NULL,NULL,0),
(475,'键盘',56,3,1,0,NULL,NULL,0),
(476,'鼠标垫',56,3,1,0,NULL,NULL,0),
(477,'摄像头',56,3,1,0,NULL,NULL,0),
(478,'手写板',56,3,1,0,NULL,NULL,0),
(479,'硬盘盒',56,3,1,0,NULL,NULL,0),
(480,'插座',56,3,1,0,NULL,NULL,0),
(481,'线缆',56,3,1,0,NULL,NULL,0),
(482,'UPS电源',56,3,1,0,NULL,NULL,0),
(483,'电脑工具',56,3,1,0,NULL,NULL,0),
(484,'游戏设备',56,3,1,0,NULL,NULL,0),
(485,'电玩',56,3,1,0,NULL,NULL,0),
(486,'电脑清洁',56,3,1,0,NULL,NULL,0),
(487,'网络仪表仪器',56,3,1,0,NULL,NULL,0),
(488,'游戏机',57,3,1,0,NULL,NULL,0),
(489,'游戏耳机',57,3,1,0,NULL,NULL,0),
(490,'手柄/方向盘',57,3,1,0,NULL,NULL,0),
(491,'游戏软件',57,3,1,0,NULL,NULL,0),
(492,'游戏周边',57,3,1,0,NULL,NULL,0),
(493,'路由器',58,3,1,0,NULL,NULL,0),
(494,'网卡',58,3,1,0,NULL,NULL,0),
(495,'交换机',58,3,1,0,NULL,NULL,0),
(496,'网络存储',58,3,1,0,NULL,NULL,0),
(497,'4G/3G上网',58,3,1,0,NULL,NULL,0),
(498,'网络盒子',58,3,1,0,NULL,NULL,0),
(499,'网络配件',58,3,1,0,NULL,NULL,0),
(500,'投影机',59,3,1,0,NULL,NULL,0),
(501,'投影配件',59,3,1,0,NULL,NULL,0),
(502,'多功能一体机',59,3,1,0,NULL,NULL,0),
(503,'打印机',59,3,1,0,NULL,NULL,0),
(504,'传真设备',59,3,1,0,NULL,NULL,0),
(505,'验钞/点钞机',59,3,1,0,NULL,NULL,0),
(506,'扫描设备',59,3,1,0,NULL,NULL,0),
(507,'复合机',59,3,1,0,NULL,NULL,0),
(508,'碎纸机',59,3,1,0,NULL,NULL,0),
(509,'考勤机',59,3,1,0,NULL,NULL,0),
(510,'收款/POS机',59,3,1,0,NULL,NULL,0),
(511,'会议音频视频',59,3,1,0,NULL,NULL,0),
(512,'保险柜',59,3,1,0,NULL,NULL,0),
(513,'装订/封装机',59,3,1,0,NULL,NULL,0),
(514,'安防监控',59,3,1,0,NULL,NULL,0),
(515,'办公家具',59,3,1,0,NULL,NULL,0),
(516,'白板',59,3,1,0,NULL,NULL,0),
(517,'硒鼓/墨粉',60,3,1,0,NULL,NULL,0),
(518,'墨盒',60,3,1,0,NULL,NULL,0),
(519,'色带',60,3,1,0,NULL,NULL,0),
(520,'纸类',60,3,1,0,NULL,NULL,0),
(521,'办公文具',60,3,1,0,NULL,NULL,0),
(522,'学生文具',60,3,1,0,NULL,NULL,0),
(523,'财会用品',60,3,1,0,NULL,NULL,0),
(524,'文件管理',60,3,1,0,NULL,NULL,0),
(525,'本册/便签',60,3,1,0,NULL,NULL,0),
(526,'计算器',60,3,1,0,NULL,NULL,0),
(527,'笔类',60,3,1,0,NULL,NULL,0),
(528,'画具画材',60,3,1,0,NULL,NULL,0),
(529,'刻录碟片/附件',60,3,1,0,NULL,NULL,0),
(530,'上门安装',61,3,1,0,NULL,NULL,0),
(531,'延保服务',61,3,1,0,NULL,NULL,0),
(532,'维修保养',61,3,1,0,NULL,NULL,0),
(533,'电脑软件',61,3,1,0,NULL,NULL,0),
(534,'京东服务',61,3,1,0,NULL,NULL,0),
(535,'炒锅',62,3,1,0,NULL,NULL,0),
(536,'煎锅',62,3,1,0,NULL,NULL,0),
(537,'压力锅',62,3,1,0,NULL,NULL,0),
(538,'蒸锅',62,3,1,0,NULL,NULL,0),
(539,'汤锅',62,3,1,0,NULL,NULL,0),
(540,'奶锅',62,3,1,0,NULL,NULL,0),
(541,'锅具套装',62,3,1,0,NULL,NULL,0),
(542,'煲类',62,3,1,0,NULL,NULL,0),
(543,'水壶',62,3,1,0,NULL,NULL,0),
(544,'火锅',62,3,1,0,NULL,NULL,0),
(545,'菜刀',63,3,1,0,NULL,NULL,0),
(546,'剪刀',63,3,1,0,NULL,NULL,0),
(547,'刀具套装',63,3,1,0,NULL,NULL,0),
(548,'砧板',63,3,1,0,NULL,NULL,0),
(549,'瓜果刀/刨',63,3,1,0,NULL,NULL,0),
(550,'多功能刀',63,3,1,0,NULL,NULL,0),
(551,'保鲜盒',64,3,1,0,NULL,NULL,0),
(552,'烘焙/烧烤',64,3,1,0,NULL,NULL,0),
(553,'饭盒/提锅',64,3,1,0,NULL,NULL,0),
(554,'储物/置物架',64,3,1,0,NULL,NULL,0),
(555,'厨房DIY/小工具',64,3,1,0,NULL,NULL,0),
(556,'塑料杯',65,3,1,0,NULL,NULL,0),
(557,'运动水壶',65,3,1,0,NULL,NULL,0),
(558,'玻璃杯',65,3,1,0,NULL,NULL,0),
(559,'陶瓷/马克杯',65,3,1,0,NULL,NULL,0),
(560,'保温杯',65,3,1,0,NULL,NULL,0),
(561,'保温壶',65,3,1,0,NULL,NULL,0),
(562,'酒杯/酒具',65,3,1,0,NULL,NULL,0),
(563,'杯具套装',65,3,1,0,NULL,NULL,0),
(564,'餐具套装',66,3,1,0,NULL,NULL,0),
(565,'碗/碟/盘',66,3,1,0,NULL,NULL,0),
(566,'筷勺/刀叉',66,3,1,0,NULL,NULL,0),
(567,'一次性用品',66,3,1,0,NULL,NULL,0),
(568,'果盘/果篮',66,3,1,0,NULL,NULL,0),
(569,'自助餐炉',67,3,1,0,NULL,NULL,0),
(570,'酒店餐具',67,3,1,0,NULL,NULL,0),
(571,'酒店水具',67,3,1,0,NULL,NULL,0),
(572,'整套茶具',68,3,1,0,NULL,NULL,0),
(573,'茶杯',68,3,1,0,NULL,NULL,0),
(574,'茶壶',68,3,1,0,NULL,NULL,0),
(575,'茶盘茶托',68,3,1,0,NULL,NULL,0),
(576,'茶叶罐',68,3,1,0,NULL,NULL,0),
(577,'茶具配件',68,3,1,0,NULL,NULL,0),
(578,'茶宠摆件',68,3,1,0,NULL,NULL,0),
(579,'咖啡具',68,3,1,0,NULL,NULL,0),
(580,'其他',68,3,1,0,NULL,NULL,0),
(581,'纸品湿巾',69,3,1,0,NULL,NULL,0),
(582,'衣物清洁',69,3,1,0,NULL,NULL,0),
(583,'清洁工具',69,3,1,0,NULL,NULL,0),
(584,'驱虫用品',69,3,1,0,NULL,NULL,0),
(585,'家庭清洁',69,3,1,0,NULL,NULL,0),
(586,'皮具护理',69,3,1,0,NULL,NULL,0),
(587,'一次性用品',69,3,1,0,NULL,NULL,0),
(588,'洁面',70,3,1,0,NULL,NULL,0),
(589,'乳液面霜',70,3,1,0,NULL,NULL,0),
(590,'面膜',70,3,1,0,NULL,NULL,0),
(591,'剃须',70,3,1,0,NULL,NULL,0),
(592,'套装',70,3,1,0,NULL,NULL,0),
(593,'精华',70,3,1,0,NULL,NULL,0),
(594,'眼霜',70,3,1,0,NULL,NULL,0),
(595,'卸妆',70,3,1,0,NULL,NULL,0),
(596,'防晒',70,3,1,0,NULL,NULL,0),
(597,'防晒隔离',70,3,1,0,NULL,NULL,0),
(598,'T区护理',70,3,1,0,NULL,NULL,0),
(599,'眼部护理',70,3,1,0,NULL,NULL,0),
(600,'精华露',70,3,1,0,NULL,NULL,0),
(601,'爽肤水',70,3,1,0,NULL,NULL,0),
(602,'沐浴',71,3,1,0,NULL,NULL,0),
(603,'润肤',71,3,1,0,NULL,NULL,0),
(604,'颈部',71,3,1,0,NULL,NULL,0),
(605,'手足',71,3,1,0,NULL,NULL,0),
(606,'纤体塑形',71,3,1,0,NULL,NULL,0),
(607,'美胸',71,3,1,0,NULL,NULL,0),
(608,'套装',71,3,1,0,NULL,NULL,0),
(609,'精油',71,3,1,0,NULL,NULL,0),
(610,'洗发护发',71,3,1,0,NULL,NULL,0),
(611,'染发/造型',71,3,1,0,NULL,NULL,0),
(612,'香薰精油',71,3,1,0,NULL,NULL,0),
(613,'磨砂/浴盐',71,3,1,0,NULL,NULL,0),
(614,'手工/香皂',71,3,1,0,NULL,NULL,0),
(615,'洗发',71,3,1,0,NULL,NULL,0),
(616,'护发',71,3,1,0,NULL,NULL,0),
(617,'染发',71,3,1,0,NULL,NULL,0),
(618,'磨砂膏',71,3,1,0,NULL,NULL,0),
(619,'香皂',71,3,1,0,NULL,NULL,0),
(620,'牙膏/牙粉',72,3,1,0,NULL,NULL,0),
(621,'牙刷/牙线',72,3,1,0,NULL,NULL,0),
(622,'漱口水',72,3,1,0,NULL,NULL,0),
(623,'套装',72,3,1,0,NULL,NULL,0),
(624,'卫生巾',73,3,1,0,NULL,NULL,0),
(625,'卫生护垫',73,3,1,0,NULL,NULL,0),
(626,'私密护理',73,3,1,0,NULL,NULL,0),
(627,'脱毛膏',73,3,1,0,NULL,NULL,0),
(628,'其他',73,3,1,0,NULL,NULL,0),
(629,'洗发',74,3,1,0,NULL,NULL,0),
(630,'护发',74,3,1,0,NULL,NULL,0),
(631,'染发',74,3,1,0,NULL,NULL,0),
(632,'造型',74,3,1,0,NULL,NULL,0),
(633,'假发',74,3,1,0,NULL,NULL,0),
(634,'套装',74,3,1,0,NULL,NULL,0),
(635,'美发工具',74,3,1,0,NULL,NULL,0),
(636,'脸部护理',74,3,1,0,NULL,NULL,0),
(637,'香水',75,3,1,0,NULL,NULL,0),
(638,'底妆',75,3,1,0,NULL,NULL,0),
(639,'腮红',75,3,1,0,NULL,NULL,0),
(640,'眼影',75,3,1,0,NULL,NULL,0),
(641,'唇部',75,3,1,0,NULL,NULL,0),
(642,'美甲',75,3,1,0,NULL,NULL,0),
(643,'眼线',75,3,1,0,NULL,NULL,0),
(644,'美妆工具',75,3,1,0,NULL,NULL,0),
(645,'套装',75,3,1,0,NULL,NULL,0),
(646,'防晒隔离',75,3,1,0,NULL,NULL,0),
(647,'卸妆',75,3,1,0,NULL,NULL,0),
(648,'眉笔',75,3,1,0,NULL,NULL,0),
(649,'睫毛膏',75,3,1,0,NULL,NULL,0),
(650,'T恤',76,3,1,0,NULL,NULL,0),
(651,'衬衫',76,3,1,0,NULL,NULL,0),
(652,'针织衫',76,3,1,0,NULL,NULL,0),
(653,'雪纺衫',76,3,1,0,NULL,NULL,0),
(654,'卫衣',76,3,1,0,NULL,NULL,0),
(655,'马甲',76,3,1,0,NULL,NULL,0),
(656,'连衣裙',76,3,1,0,NULL,NULL,0),
(657,'半身裙',76,3,1,0,NULL,NULL,0),
(658,'牛仔裤',76,3,1,0,NULL,NULL,0),
(659,'休闲裤',76,3,1,0,NULL,NULL,0),
(660,'打底裤',76,3,1,0,NULL,NULL,0),
(661,'正装裤',76,3,1,0,NULL,NULL,0),
(662,'小西装',76,3,1,0,NULL,NULL,0),
(663,'短外套',76,3,1,0,NULL,NULL,0),
(664,'风衣',76,3,1,0,NULL,NULL,0),
(665,'毛呢大衣',76,3,1,0,NULL,NULL,0),
(666,'真皮皮衣',76,3,1,0,NULL,NULL,0),
(667,'棉服',76,3,1,0,NULL,NULL,0),
(668,'羽绒服',76,3,1,0,NULL,NULL,0),
(669,'大码女装',76,3,1,0,NULL,NULL,0),
(670,'中老年女装',76,3,1,0,NULL,NULL,0),
(671,'婚纱',76,3,1,0,NULL,NULL,0),
(672,'打底衫',76,3,1,0,NULL,NULL,0),
(673,'旗袍/唐装',76,3,1,0,NULL,NULL,0),
(674,'加绒裤',76,3,1,0,NULL,NULL,0),
(675,'吊带/背心',76,3,1,0,NULL,NULL,0),
(676,'羊绒衫',76,3,1,0,NULL,NULL,0),
(677,'短裤',76,3,1,0,NULL,NULL,0),
(678,'皮草',76,3,1,0,NULL,NULL,0),
(679,'礼服',76,3,1,0,NULL,NULL,0),
(680,'仿皮皮衣',76,3,1,0,NULL,NULL,0),
(681,'羊毛衫',76,3,1,0,NULL,NULL,0),
(682,'设计师/潮牌',76,3,1,0,NULL,NULL,0),
(683,'衬衫',77,3,1,0,NULL,NULL,0),
(684,'T恤',77,3,1,0,NULL,NULL,0),
(685,'POLO衫',77,3,1,0,NULL,NULL,0),
(686,'针织衫',77,3,1,0,NULL,NULL,0),
(687,'羊绒衫',77,3,1,0,NULL,NULL,0),
(688,'卫衣',77,3,1,0,NULL,NULL,0),
(689,'马甲/背心',77,3,1,0,NULL,NULL,0),
(690,'夹克',77,3,1,0,NULL,NULL,0),
(691,'风衣',77,3,1,0,NULL,NULL,0),
(692,'毛呢大衣',77,3,1,0,NULL,NULL,0),
(693,'仿皮皮衣',77,3,1,0,NULL,NULL,0),
(694,'西服',77,3,1,0,NULL,NULL,0),
(695,'棉服',77,3,1,0,NULL,NULL,0),
(696,'羽绒服',77,3,1,0,NULL,NULL,0),
(697,'牛仔裤',77,3,1,0,NULL,NULL,0),
(698,'休闲裤',77,3,1,0,NULL,NULL,0),
(699,'西裤',77,3,1,0,NULL,NULL,0),
(700,'西服套装',77,3,1,0,NULL,NULL,0),
(701,'大码男装',77,3,1,0,NULL,NULL,0),
(702,'中老年男装',77,3,1,0,NULL,NULL,0),
(703,'唐装/中山装',77,3,1,0,NULL,NULL,0),
(704,'工装',77,3,1,0,NULL,NULL,0),
(705,'真皮皮衣',77,3,1,0,NULL,NULL,0),
(706,'加绒裤',77,3,1,0,NULL,NULL,0),
(707,'卫裤/运动裤',77,3,1,0,NULL,NULL,0),
(708,'短裤',77,3,1,0,NULL,NULL,0),
(709,'设计师/潮牌',77,3,1,0,NULL,NULL,0),
(710,'羊毛衫',77,3,1,0,NULL,NULL,0),
(711,'文胸',78,3,1,0,NULL,NULL,0),
(712,'女式内裤',78,3,1,0,NULL,NULL,0),
(713,'男式内裤',78,3,1,0,NULL,NULL,0),
(714,'睡衣/家居服',78,3,1,0,NULL,NULL,0),
(715,'塑身美体',78,3,1,0,NULL,NULL,0),
(716,'泳衣',78,3,1,0,NULL,NULL,0),
(717,'吊带/背心',78,3,1,0,NULL,NULL,0),
(718,'抹胸',78,3,1,0,NULL,NULL,0),
(719,'连裤袜/丝袜',78,3,1,0,NULL,NULL,0),
(720,'美腿袜',78,3,1,0,NULL,NULL,0),
(721,'商务男袜',78,3,1,0,NULL,NULL,0),
(722,'保暖内衣',78,3,1,0,NULL,NULL,0),
(723,'情侣睡衣',78,3,1,0,NULL,NULL,0),
(724,'文胸套装',78,3,1,0,NULL,NULL,0),
(725,'少女文胸',78,3,1,0,NULL,NULL,0),
(726,'休闲棉袜',78,3,1,0,NULL,NULL,0),
(727,'大码内衣',78,3,1,0,NULL,NULL,0),
(728,'内衣配件',78,3,1,0,NULL,NULL,0),
(729,'打底裤袜',78,3,1,0,NULL,NULL,0),
(730,'打底衫',78,3,1,0,NULL,NULL,0),
(731,'秋衣秋裤',78,3,1,0,NULL,NULL,0),
(732,'情趣内衣',78,3,1,0,NULL,NULL,0),
(733,'服装洗护',79,3,1,0,NULL,NULL,0),
(734,'太阳镜',80,3,1,0,NULL,NULL,0),
(735,'光学镜架/镜片',80,3,1,0,NULL,NULL,0),
(736,'围巾/手套/帽子套装',80,3,1,0,NULL,NULL,0),
(737,'袖扣',80,3,1,0,NULL,NULL,0),
(738,'棒球帽',80,3,1,0,NULL,NULL,0),
(739,'毛线帽',80,3,1,0,NULL,NULL,0),
(740,'遮阳帽',80,3,1,0,NULL,NULL,0),
(741,'老花镜',80,3,1,0,NULL,NULL,0),
(742,'装饰眼镜',80,3,1,0,NULL,NULL,0),
(743,'防辐射眼镜',80,3,1,0,NULL,NULL,0),
(744,'游泳镜',80,3,1,0,NULL,NULL,0),
(745,'女士丝巾/围巾/披肩',80,3,1,0,NULL,NULL,0),
(746,'男士丝巾/围巾',80,3,1,0,NULL,NULL,0),
(747,'鸭舌帽',80,3,1,0,NULL,NULL,0),
(748,'贝雷帽',80,3,1,0,NULL,NULL,0),
(749,'礼帽',80,3,1,0,NULL,NULL,0),
(750,'真皮手套',80,3,1,0,NULL,NULL,0),
(751,'毛线手套',80,3,1,0,NULL,NULL,0),
(752,'防晒手套',80,3,1,0,NULL,NULL,0),
(753,'男士腰带/礼盒',80,3,1,0,NULL,NULL,0),
(754,'女士腰带/礼盒',80,3,1,0,NULL,NULL,0),
(755,'钥匙扣',80,3,1,0,NULL,NULL,0),
(756,'遮阳伞/雨伞',80,3,1,0,NULL,NULL,0),
(757,'口罩',80,3,1,0,NULL,NULL,0),
(758,'耳罩/耳包',80,3,1,0,NULL,NULL,0),
(759,'假领',80,3,1,0,NULL,NULL,0),
(760,'毛线/布面料',80,3,1,0,NULL,NULL,0),
(761,'领带/领结/领带夹',80,3,1,0,NULL,NULL,0),
(762,'男表',81,3,1,0,NULL,NULL,0),
(763,'瑞表',81,3,1,0,NULL,NULL,0),
(764,'女表',81,3,1,0,NULL,NULL,0),
(765,'国表',81,3,1,0,NULL,NULL,0),
(766,'日韩表',81,3,1,0,NULL,NULL,0),
(767,'欧美表',81,3,1,0,NULL,NULL,0),
(768,'德表',81,3,1,0,NULL,NULL,0),
(769,'儿童手表',81,3,1,0,NULL,NULL,0),
(770,'智能手表',81,3,1,0,NULL,NULL,0),
(771,'闹钟',81,3,1,0,NULL,NULL,0),
(772,'座钟挂钟',81,3,1,0,NULL,NULL,0),
(773,'钟表配件',81,3,1,0,NULL,NULL,0),
(774,'商务休闲鞋',82,3,1,0,NULL,NULL,0),
(775,'正装鞋',82,3,1,0,NULL,NULL,0),
(776,'休闲鞋',82,3,1,0,NULL,NULL,0),
(777,'凉鞋/沙滩鞋',82,3,1,0,NULL,NULL,0),
(778,'男靴',82,3,1,0,NULL,NULL,0),
(779,'功能鞋',82,3,1,0,NULL,NULL,0),
(780,'拖鞋/人字拖',82,3,1,0,NULL,NULL,0),
(781,'雨鞋/雨靴',82,3,1,0,NULL,NULL,0),
(782,'传统布鞋',82,3,1,0,NULL,NULL,0),
(783,'鞋配件',82,3,1,0,NULL,NULL,0),
(784,'帆布鞋',82,3,1,0,NULL,NULL,0),
(785,'增高鞋',82,3,1,0,NULL,NULL,0),
(786,'工装鞋',82,3,1,0,NULL,NULL,0),
(787,'定制鞋',82,3,1,0,NULL,NULL,0),
(788,'高跟鞋',83,3,1,0,NULL,NULL,0),
(789,'单鞋',83,3,1,0,NULL,NULL,0),
(790,'休闲鞋',83,3,1,0,NULL,NULL,0),
(791,'凉鞋',83,3,1,0,NULL,NULL,0),
(792,'女靴',83,3,1,0,NULL,NULL,0),
(793,'雪地靴',83,3,1,0,NULL,NULL,0),
(794,'拖鞋/人字拖',83,3,1,0,NULL,NULL,0),
(795,'踝靴',83,3,1,0,NULL,NULL,0),
(796,'筒靴',83,3,1,0,NULL,NULL,0),
(797,'帆布鞋',83,3,1,0,NULL,NULL,0),
(798,'雨鞋/雨靴',83,3,1,0,NULL,NULL,0),
(799,'妈妈鞋',83,3,1,0,NULL,NULL,0),
(800,'鞋配件',83,3,1,0,NULL,NULL,0),
(801,'特色鞋',83,3,1,0,NULL,NULL,0),
(802,'鱼嘴鞋',83,3,1,0,NULL,NULL,0),
(803,'布鞋/绣花鞋',83,3,1,0,NULL,NULL,0),
(804,'马丁靴',83,3,1,0,NULL,NULL,0),
(805,'坡跟鞋',83,3,1,0,NULL,NULL,0),
(806,'松糕鞋',83,3,1,0,NULL,NULL,0),
(807,'内增高',83,3,1,0,NULL,NULL,0),
(808,'防水台',83,3,1,0,NULL,NULL,0),
(809,'婴幼奶粉',84,3,1,0,NULL,NULL,0),
(810,'孕妈奶粉',84,3,1,0,NULL,NULL,0),
(811,'益生菌/初乳',85,3,1,0,NULL,NULL,0),
(812,'米粉/菜粉',85,3,1,0,NULL,NULL,0),
(813,'果泥/果汁',85,3,1,0,NULL,NULL,0),
(814,'DHA',85,3,1,0,NULL,NULL,0),
(815,'宝宝零食',85,3,1,0,NULL,NULL,0),
(816,'钙铁锌/维生素',85,3,1,0,NULL,NULL,0),
(817,'清火/开胃',85,3,1,0,NULL,NULL,0),
(818,'面条/粥',85,3,1,0,NULL,NULL,0),
(819,'婴儿尿裤',86,3,1,0,NULL,NULL,0),
(820,'拉拉裤',86,3,1,0,NULL,NULL,0),
(821,'婴儿湿巾',86,3,1,0,NULL,NULL,0),
(822,'成人尿裤',86,3,1,0,NULL,NULL,0),
(823,'奶瓶奶嘴',87,3,1,0,NULL,NULL,0),
(824,'吸奶器',87,3,1,0,NULL,NULL,0),
(825,'暖奶消毒',87,3,1,0,NULL,NULL,0),
(826,'儿童餐具',87,3,1,0,NULL,NULL,0),
(827,'水壶/水杯',87,3,1,0,NULL,NULL,0),
(828,'牙胶安抚',87,3,1,0,NULL,NULL,0),
(829,'围兜/防溅衣',87,3,1,0,NULL,NULL,0),
(830,'辅食料理机',87,3,1,0,NULL,NULL,0),
(831,'食物存储',87,3,1,0,NULL,NULL,0),
(832,'宝宝护肤',88,3,1,0,NULL,NULL,0),
(833,'洗发沐浴',88,3,1,0,NULL,NULL,0),
(834,'奶瓶清洗',88,3,1,0,NULL,NULL,0),
(835,'驱蚊防晒',88,3,1,0,NULL,NULL,0),
(836,'理发器',88,3,1,0,NULL,NULL,0),
(837,'洗澡用具',88,3,1,0,NULL,NULL,0),
(838,'婴儿口腔清洁',88,3,1,0,NULL,NULL,0),
(839,'洗衣液/皂',88,3,1,0,NULL,NULL,0),
(840,'日常护理',88,3,1,0,NULL,NULL,0),
(841,'座便器',88,3,1,0,NULL,NULL,0),
(842,'婴儿推车',89,3,1,0,NULL,NULL,0),
(843,'餐椅摇椅',89,3,1,0,NULL,NULL,0),
(844,'婴儿床',89,3,1,0,NULL,NULL,0),
(845,'学步车',89,3,1,0,NULL,NULL,0),
(846,'三轮车',89,3,1,0,NULL,NULL,0),
(847,'自行车',89,3,1,0,NULL,NULL,0),
(848,'电动车',89,3,1,0,NULL,NULL,0),
(849,'扭扭车',89,3,1,0,NULL,NULL,0),
(850,'滑板车',89,3,1,0,NULL,NULL,0),
(851,'婴儿床垫',89,3,1,0,NULL,NULL,0),
(852,'婴儿外出服',90,3,1,0,NULL,NULL,0),
(853,'婴儿内衣',90,3,1,0,NULL,NULL,0),
(854,'婴儿礼盒',90,3,1,0,NULL,NULL,0),
(855,'婴儿鞋帽袜',90,3,1,0,NULL,NULL,0),
(856,'安全防护',90,3,1,0,NULL,NULL,0),
(857,'家居床品',90,3,1,0,NULL,NULL,0),
(858,'睡袋/抱被',90,3,1,0,NULL,NULL,0),
(859,'爬行垫',90,3,1,0,NULL,NULL,0),
(860,'妈咪包/背婴带',91,3,1,0,NULL,NULL,0),
(861,'产后塑身',91,3,1,0,NULL,NULL,0),
(862,'文胸/内裤',91,3,1,0,NULL,NULL,0),
(863,'防辐射服',91,3,1,0,NULL,NULL,0),
(864,'孕妈装',91,3,1,0,NULL,NULL,0),
(865,'孕期营养',91,3,1,0,NULL,NULL,0),
(866,'孕妇护肤',91,3,1,0,NULL,NULL,0),
(867,'待产护理',91,3,1,0,NULL,NULL,0),
(868,'月子装',91,3,1,0,NULL,NULL,0),
(869,'防溢乳垫',91,3,1,0,NULL,NULL,0),
(870,'套装',92,3,1,0,NULL,NULL,0),
(871,'上衣',92,3,1,0,NULL,NULL,0),
(872,'裤子',92,3,1,0,NULL,NULL,0),
(873,'裙子',92,3,1,0,NULL,NULL,0),
(874,'内衣/家居服',92,3,1,0,NULL,NULL,0),
(875,'羽绒服/棉服',92,3,1,0,NULL,NULL,0),
(876,'亲子装',92,3,1,0,NULL,NULL,0),
(877,'儿童配饰',92,3,1,0,NULL,NULL,0),
(878,'礼服/演出服',92,3,1,0,NULL,NULL,0),
(879,'运动鞋',92,3,1,0,NULL,NULL,0),
(880,'皮鞋/帆布鞋',92,3,1,0,NULL,NULL,0),
(881,'靴子',92,3,1,0,NULL,NULL,0),
(882,'凉鞋',92,3,1,0,NULL,NULL,0),
(883,'功能鞋',92,3,1,0,NULL,NULL,0),
(884,'户外/运动服',92,3,1,0,NULL,NULL,0),
(885,'提篮式',93,3,1,0,NULL,NULL,0),
(886,'安全座椅',93,3,1,0,NULL,NULL,0),
(887,'增高垫',93,3,1,0,NULL,NULL,0),
(888,'钱包',94,3,1,0,NULL,NULL,0),
(889,'手拿包',94,3,1,0,NULL,NULL,0),
(890,'单肩包',94,3,1,0,NULL,NULL,0),
(891,'双肩包',94,3,1,0,NULL,NULL,0),
(892,'手提包',94,3,1,0,NULL,NULL,0),
(893,'斜挎包',94,3,1,0,NULL,NULL,0),
(894,'钥匙包',94,3,1,0,NULL,NULL,0),
(895,'卡包/零钱包',94,3,1,0,NULL,NULL,0),
(896,'男士钱包',95,3,1,0,NULL,NULL,0),
(897,'男士手包',95,3,1,0,NULL,NULL,0),
(898,'卡包名片夹',95,3,1,0,NULL,NULL,0),
(899,'商务公文包',95,3,1,0,NULL,NULL,0),
(900,'双肩包',95,3,1,0,NULL,NULL,0),
(901,'单肩/斜挎包',95,3,1,0,NULL,NULL,0),
(902,'钥匙包',95,3,1,0,NULL,NULL,0),
(903,'电脑包',96,3,1,0,NULL,NULL,0),
(904,'拉杆箱',96,3,1,0,NULL,NULL,0),
(905,'旅行包',96,3,1,0,NULL,NULL,0),
(906,'旅行配件',96,3,1,0,NULL,NULL,0),
(907,'休闲运动包',96,3,1,0,NULL,NULL,0),
(908,'拉杆包',96,3,1,0,NULL,NULL,0),
(909,'登山包',96,3,1,0,NULL,NULL,0),
(910,'妈咪包',96,3,1,0,NULL,NULL,0),
(911,'书包',96,3,1,0,NULL,NULL,0),
(912,'相机包',96,3,1,0,NULL,NULL,0),
(913,'腰包/胸包',96,3,1,0,NULL,NULL,0),
(914,'火机烟具',97,3,1,0,NULL,NULL,0),
(915,'礼品文具',97,3,1,0,NULL,NULL,0),
(916,'军刀军具',97,3,1,0,NULL,NULL,0),
(917,'收藏品',97,3,1,0,NULL,NULL,0),
(918,'工艺礼品',97,3,1,0,NULL,NULL,0),
(919,'创意礼品',97,3,1,0,NULL,NULL,0),
(920,'礼盒礼券',97,3,1,0,NULL,NULL,0),
(921,'鲜花绿植',97,3,1,0,NULL,NULL,0),
(922,'婚庆节庆',97,3,1,0,NULL,NULL,0),
(923,'京东卡',97,3,1,0,NULL,NULL,0),
(924,'美妆礼品',97,3,1,0,NULL,NULL,0),
(925,'礼品定制',97,3,1,0,NULL,NULL,0),
(926,'京东福卡',97,3,1,0,NULL,NULL,0),
(927,'古董文玩',97,3,1,0,NULL,NULL,0),
(928,'箱包',98,3,1,0,NULL,NULL,0),
(929,'钱包',98,3,1,0,NULL,NULL,0),
(930,'服饰',98,3,1,0,NULL,NULL,0),
(931,'腰带',98,3,1,0,NULL,NULL,0),
(932,'太阳镜/眼镜框',98,3,1,0,NULL,NULL,0),
(933,'配件',98,3,1,0,NULL,NULL,0),
(934,'鞋靴',98,3,1,0,NULL,NULL,0),
(935,'饰品',98,3,1,0,NULL,NULL,0),
(936,'名品腕表',98,3,1,0,NULL,NULL,0),
(937,'高档化妆品',98,3,1,0,NULL,NULL,0),
(938,'婚嫁首饰',99,3,1,0,NULL,NULL,0),
(939,'婚纱摄影',99,3,1,0,NULL,NULL,0),
(940,'婚纱礼服',99,3,1,0,NULL,NULL,0),
(941,'婚庆服务',99,3,1,0,NULL,NULL,0),
(942,'婚庆礼品/用品',99,3,1,0,NULL,NULL,0),
(943,'婚宴',99,3,1,0,NULL,NULL,0),
(944,'饼干蛋糕',100,3,1,0,NULL,NULL,0),
(945,'糖果/巧克力',100,3,1,0,NULL,NULL,0),
(946,'休闲零食',100,3,1,0,NULL,NULL,0),
(947,'冲调饮品',100,3,1,0,NULL,NULL,0),
(948,'粮油调味',100,3,1,0,NULL,NULL,0),
(949,'牛奶',100,3,1,0,NULL,NULL,0),
(950,'其他特产',101,3,1,0,NULL,NULL,0),
(951,'新疆',101,3,1,0,NULL,NULL,0),
(952,'北京',101,3,1,0,NULL,NULL,0),
(953,'山西',101,3,1,0,NULL,NULL,0),
(954,'内蒙古',101,3,1,0,NULL,NULL,0),
(955,'福建',101,3,1,0,NULL,NULL,0),
(956,'湖南',101,3,1,0,NULL,NULL,0),
(957,'四川',101,3,1,0,NULL,NULL,0),
(958,'云南',101,3,1,0,NULL,NULL,0),
(959,'东北',101,3,1,0,NULL,NULL,0),
(960,'休闲零食',102,3,1,0,NULL,NULL,0),
(961,'坚果炒货',102,3,1,0,NULL,NULL,0),
(962,'肉干肉脯',102,3,1,0,NULL,NULL,0),
(963,'蜜饯果干',102,3,1,0,NULL,NULL,0),
(964,'糖果/巧克力',102,3,1,0,NULL,NULL,0),
(965,'饼干蛋糕',102,3,1,0,NULL,NULL,0),
(966,'无糖食品',102,3,1,0,NULL,NULL,0),
(967,'米面杂粮',103,3,1,0,NULL,NULL,0),
(968,'食用油',103,3,1,0,NULL,NULL,0),
(969,'调味品',103,3,1,0,NULL,NULL,0),
(970,'南北干货',103,3,1,0,NULL,NULL,0),
(971,'方便食品',103,3,1,0,NULL,NULL,0),
(972,'有机食品',103,3,1,0,NULL,NULL,0),
(973,'饮用水',104,3,1,0,NULL,NULL,0),
(974,'饮料',104,3,1,0,NULL,NULL,0),
(975,'牛奶乳品',104,3,1,0,NULL,NULL,0),
(976,'咖啡/奶茶',104,3,1,0,NULL,NULL,0),
(977,'冲饮谷物',104,3,1,0,NULL,NULL,0),
(978,'蜂蜜/柚子茶',104,3,1,0,NULL,NULL,0),
(979,'成人奶粉',104,3,1,0,NULL,NULL,0),
(980,'月饼',105,3,1,0,NULL,NULL,0),
(981,'大闸蟹',105,3,1,0,NULL,NULL,0),
(982,'粽子',105,3,1,0,NULL,NULL,0),
(983,'卡券',105,3,1,0,NULL,NULL,0),
(984,'铁观音',106,3,1,0,NULL,NULL,0),
(985,'普洱',106,3,1,0,NULL,NULL,0),
(986,'龙井',106,3,1,0,NULL,NULL,0),
(987,'绿茶',106,3,1,0,NULL,NULL,0),
(988,'红茶',106,3,1,0,NULL,NULL,0),
(989,'乌龙茶',106,3,1,0,NULL,NULL,0),
(990,'花草茶',106,3,1,0,NULL,NULL,0),
(991,'花果茶',106,3,1,0,NULL,NULL,0),
(992,'养生茶',106,3,1,0,NULL,NULL,0),
(993,'黑茶',106,3,1,0,NULL,NULL,0),
(994,'白茶',106,3,1,0,NULL,NULL,0),
(995,'其它茶',106,3,1,0,NULL,NULL,0),
(996,'项链',107,3,1,0,NULL,NULL,0),
(997,'手链/脚链',107,3,1,0,NULL,NULL,0),
(998,'戒指',107,3,1,0,NULL,NULL,0),
(999,'耳饰',107,3,1,0,NULL,NULL,0),
(1000,'毛衣链',107,3,1,0,NULL,NULL,0),
(1001,'发饰/发卡',107,3,1,0,NULL,NULL,0),
(1002,'胸针',107,3,1,0,NULL,NULL,0),
(1003,'饰品配件',107,3,1,0,NULL,NULL,0),
(1004,'婚庆饰品',107,3,1,0,NULL,NULL,0),
(1005,'黄金吊坠',108,3,1,0,NULL,NULL,0),
(1006,'黄金项链',108,3,1,0,NULL,NULL,0),
(1007,'黄金转运珠',108,3,1,0,NULL,NULL,0),
(1008,'黄金手镯/手链/脚链',108,3,1,0,NULL,NULL,0),
(1009,'黄金耳饰',108,3,1,0,NULL,NULL,0),
(1010,'黄金戒指',108,3,1,0,NULL,NULL,0),
(1011,'K金吊坠',109,3,1,0,NULL,NULL,0),
(1012,'K金项链',109,3,1,0,NULL,NULL,0),
(1013,'K金手镯/手链/脚链',109,3,1,0,NULL,NULL,0),
(1014,'K金戒指',109,3,1,0,NULL,NULL,0),
(1015,'K金耳饰',109,3,1,0,NULL,NULL,0),
(1016,'投资金',110,3,1,0,NULL,NULL,0),
(1017,'投资银',110,3,1,0,NULL,NULL,0),
(1018,'投资收藏',110,3,1,0,NULL,NULL,0),
(1019,'银吊坠/项链',111,3,1,0,NULL,NULL,0),
(1020,'银手镯/手链/脚链',111,3,1,0,NULL,NULL,0),
(1021,'银戒指',111,3,1,0,NULL,NULL,0),
(1022,'银耳饰',111,3,1,0,NULL,NULL,0),
(1023,'足银手镯',111,3,1,0,NULL,NULL,0),
(1024,'宝宝银饰',111,3,1,0,NULL,NULL,0),
(1025,'裸钻',112,3,1,0,NULL,NULL,0),
(1026,'钻戒',112,3,1,0,NULL,NULL,0),
(1027,'钻石项链/吊坠',112,3,1,0,NULL,NULL,0),
(1028,'钻石耳饰',112,3,1,0,NULL,NULL,0),
(1029,'钻石手镯/手链',112,3,1,0,NULL,NULL,0),
(1030,'项链/吊坠',113,3,1,0,NULL,NULL,0),
(1031,'手镯/手串',113,3,1,0,NULL,NULL,0),
(1032,'戒指',113,3,1,0,NULL,NULL,0),
(1033,'耳饰',113,3,1,0,NULL,NULL,0),
(1034,'挂件/摆件/把件',113,3,1,0,NULL,NULL,0),
(1035,'玉石孤品',113,3,1,0,NULL,NULL,0),
(1036,'项链/吊坠',114,3,1,0,NULL,NULL,0),
(1037,'耳饰',114,3,1,0,NULL,NULL,0),
(1038,'手镯/手链/脚链',114,3,1,0,NULL,NULL,0),
(1039,'戒指',114,3,1,0,NULL,NULL,0),
(1040,'头饰/胸针',114,3,1,0,NULL,NULL,0),
(1041,'摆件/挂件',114,3,1,0,NULL,NULL,0),
(1042,'琥珀/蜜蜡',115,3,1,0,NULL,NULL,0),
(1043,'碧玺',115,3,1,0,NULL,NULL,0),
(1044,'红宝石/蓝宝石',115,3,1,0,NULL,NULL,0),
(1045,'坦桑石',115,3,1,0,NULL,NULL,0),
(1046,'珊瑚',115,3,1,0,NULL,NULL,0),
(1047,'祖母绿',115,3,1,0,NULL,NULL,0),
(1048,'葡萄石',115,3,1,0,NULL,NULL,0),
(1049,'其他天然宝石',115,3,1,0,NULL,NULL,0),
(1050,'项链/吊坠',115,3,1,0,NULL,NULL,0),
(1051,'耳饰',115,3,1,0,NULL,NULL,0),
(1052,'手镯/手链',115,3,1,0,NULL,NULL,0),
(1053,'戒指',115,3,1,0,NULL,NULL,0),
(1054,'铂金项链/吊坠',116,3,1,0,NULL,NULL,0),
(1055,'铂金手镯/手链/脚链',116,3,1,0,NULL,NULL,0),
(1056,'铂金戒指',116,3,1,0,NULL,NULL,0),
(1057,'铂金耳饰',116,3,1,0,NULL,NULL,0),
(1058,'小叶紫檀',117,3,1,0,NULL,NULL,0),
(1059,'黄花梨',117,3,1,0,NULL,NULL,0),
(1060,'沉香木',117,3,1,0,NULL,NULL,0),
(1061,'金丝楠',117,3,1,0,NULL,NULL,0),
(1062,'菩提',117,3,1,0,NULL,NULL,0),
(1063,'其他',117,3,1,0,NULL,NULL,0),
(1064,'橄榄核/核桃',117,3,1,0,NULL,NULL,0),
(1065,'檀香',117,3,1,0,NULL,NULL,0),
(1066,'珍珠项链',118,3,1,0,NULL,NULL,0),
(1067,'珍珠吊坠',118,3,1,0,NULL,NULL,0),
(1068,'珍珠耳饰',118,3,1,0,NULL,NULL,0),
(1069,'珍珠手链',118,3,1,0,NULL,NULL,0),
(1070,'珍珠戒指',118,3,1,0,NULL,NULL,0),
(1071,'珍珠胸针',118,3,1,0,NULL,NULL,0),
(1072,'机油',119,3,1,0,NULL,NULL,0),
(1073,'正时皮带',119,3,1,0,NULL,NULL,0),
(1074,'添加剂',119,3,1,0,NULL,NULL,0),
(1075,'汽车喇叭',119,3,1,0,NULL,NULL,0),
(1076,'防冻液',119,3,1,0,NULL,NULL,0),
(1077,'汽车玻璃',119,3,1,0,NULL,NULL,0),
(1078,'滤清器',119,3,1,0,NULL,NULL,0),
(1079,'火花塞',119,3,1,0,NULL,NULL,0),
(1080,'减震器',119,3,1,0,NULL,NULL,0),
(1081,'柴机油/辅助油',119,3,1,0,NULL,NULL,0),
(1082,'雨刷',119,3,1,0,NULL,NULL,0),
(1083,'车灯',119,3,1,0,NULL,NULL,0),
(1084,'后视镜',119,3,1,0,NULL,NULL,0),
(1085,'轮胎',119,3,1,0,NULL,NULL,0),
(1086,'轮毂',119,3,1,0,NULL,NULL,0),
(1087,'刹车片/盘',119,3,1,0,NULL,NULL,0),
(1088,'维修配件',119,3,1,0,NULL,NULL,0),
(1089,'蓄电池',119,3,1,0,NULL,NULL,0),
(1090,'底盘装甲/护板',119,3,1,0,NULL,NULL,0),
(1091,'贴膜',119,3,1,0,NULL,NULL,0),
(1092,'汽修工具',119,3,1,0,NULL,NULL,0),
(1093,'改装配件',119,3,1,0,NULL,NULL,0),
(1094,'导航仪',120,3,1,0,NULL,NULL,0),
(1095,'安全预警仪',120,3,1,0,NULL,NULL,0),
(1096,'行车记录仪',120,3,1,0,NULL,NULL,0),
(1097,'倒车雷达',120,3,1,0,NULL,NULL,0),
(1098,'蓝牙设备',120,3,1,0,NULL,NULL,0),
(1099,'车载影音',120,3,1,0,NULL,NULL,0),
(1100,'净化器',120,3,1,0,NULL,NULL,0),
(1101,'电源',120,3,1,0,NULL,NULL,0),
(1102,'智能驾驶',120,3,1,0,NULL,NULL,0),
(1103,'车载电台',120,3,1,0,NULL,NULL,0),
(1104,'车载电器配件',120,3,1,0,NULL,NULL,0),
(1105,'吸尘器',120,3,1,0,NULL,NULL,0),
(1106,'智能车机',120,3,1,0,NULL,NULL,0),
(1107,'冰箱',120,3,1,0,NULL,NULL,0),
(1108,'汽车音响',120,3,1,0,NULL,NULL,0),
(1109,'车载生活电器',120,3,1,0,NULL,NULL,0),
(1110,'车蜡',121,3,1,0,NULL,NULL,0),
(1111,'补漆笔',121,3,1,0,NULL,NULL,0),
(1112,'玻璃水',121,3,1,0,NULL,NULL,0),
(1113,'清洁剂',121,3,1,0,NULL,NULL,0),
(1114,'洗车工具',121,3,1,0,NULL,NULL,0),
(1115,'镀晶镀膜',121,3,1,0,NULL,NULL,0),
(1116,'打蜡机',121,3,1,0,NULL,NULL,0),
(1117,'洗车配件',121,3,1,0,NULL,NULL,0),
(1118,'洗车机',121,3,1,0,NULL,NULL,0),
(1119,'洗车水枪',121,3,1,0,NULL,NULL,0),
(1120,'毛巾掸子',121,3,1,0,NULL,NULL,0),
(1121,'脚垫',122,3,1,0,NULL,NULL,0),
(1122,'座垫',122,3,1,0,NULL,NULL,0),
(1123,'座套',122,3,1,0,NULL,NULL,0),
(1124,'后备箱垫',122,3,1,0,NULL,NULL,0),
(1125,'头枕腰靠',122,3,1,0,NULL,NULL,0),
(1126,'方向盘套',122,3,1,0,NULL,NULL,0),
(1127,'香水',122,3,1,0,NULL,NULL,0),
(1128,'空气净化',122,3,1,0,NULL,NULL,0),
(1129,'挂件摆件',122,3,1,0,NULL,NULL,0),
(1130,'功能小件',122,3,1,0,NULL,NULL,0),
(1131,'车身装饰件',122,3,1,0,NULL,NULL,0),
(1132,'车衣',122,3,1,0,NULL,NULL,0),
(1133,'安全座椅',123,3,1,0,NULL,NULL,0),
(1134,'胎压监测',123,3,1,0,NULL,NULL,0),
(1135,'防盗设备',123,3,1,0,NULL,NULL,0),
(1136,'应急救援',123,3,1,0,NULL,NULL,0),
(1137,'保温箱',123,3,1,0,NULL,NULL,0),
(1138,'地锁',123,3,1,0,NULL,NULL,0),
(1139,'摩托车',123,3,1,0,NULL,NULL,0),
(1140,'充气泵',123,3,1,0,NULL,NULL,0),
(1141,'储物箱',123,3,1,0,NULL,NULL,0),
(1142,'自驾野营',123,3,1,0,NULL,NULL,0),
(1143,'摩托车装备',123,3,1,0,NULL,NULL,0),
(1144,'清洗美容',124,3,1,0,NULL,NULL,0),
(1145,'功能升级',124,3,1,0,NULL,NULL,0),
(1146,'保养维修',124,3,1,0,NULL,NULL,0),
(1147,'油卡充值',124,3,1,0,NULL,NULL,0),
(1148,'车险',124,3,1,0,NULL,NULL,0),
(1149,'加油卡',124,3,1,0,NULL,NULL,0),
(1150,'ETC',124,3,1,0,NULL,NULL,0),
(1151,'驾驶培训',124,3,1,0,NULL,NULL,0),
(1152,'赛事服装',125,3,1,0,NULL,NULL,0),
(1153,'赛事用品',125,3,1,0,NULL,NULL,0),
(1154,'制动系统',125,3,1,0,NULL,NULL,0),
(1155,'悬挂系统',125,3,1,0,NULL,NULL,0),
(1156,'进气系统',125,3,1,0,NULL,NULL,0),
(1157,'排气系统',125,3,1,0,NULL,NULL,0),
(1158,'电子管理',125,3,1,0,NULL,NULL,0),
(1159,'车身强化',125,3,1,0,NULL,NULL,0),
(1160,'赛事座椅',125,3,1,0,NULL,NULL,0),
(1161,'跑步鞋',126,3,1,0,NULL,NULL,0),
(1162,'休闲鞋',126,3,1,0,NULL,NULL,0),
(1163,'篮球鞋',126,3,1,0,NULL,NULL,0),
(1164,'板鞋',126,3,1,0,NULL,NULL,0),
(1165,'帆布鞋',126,3,1,0,NULL,NULL,0),
(1166,'足球鞋',126,3,1,0,NULL,NULL,0),
(1167,'乒羽网鞋',126,3,1,0,NULL,NULL,0),
(1168,'专项运动鞋',126,3,1,0,NULL,NULL,0),
(1169,'训练鞋',126,3,1,0,NULL,NULL,0),
(1170,'拖鞋',126,3,1,0,NULL,NULL,0),
(1171,'运动包',126,3,1,0,NULL,NULL,0),
(1172,'羽绒服',127,3,1,0,NULL,NULL,0),
(1173,'棉服',127,3,1,0,NULL,NULL,0),
(1174,'运动裤',127,3,1,0,NULL,NULL,0),
(1175,'夹克/风衣',127,3,1,0,NULL,NULL,0),
(1176,'卫衣/套头衫',127,3,1,0,NULL,NULL,0),
(1177,'T恤',127,3,1,0,NULL,NULL,0),
(1178,'套装',127,3,1,0,NULL,NULL,0),
(1179,'乒羽网服',127,3,1,0,NULL,NULL,0),
(1180,'健身服',127,3,1,0,NULL,NULL,0),
(1181,'运动背心',127,3,1,0,NULL,NULL,0),
(1182,'毛衫/线衫',127,3,1,0,NULL,NULL,0),
(1183,'运动配饰',127,3,1,0,NULL,NULL,0),
(1184,'折叠车',128,3,1,0,NULL,NULL,0),
(1185,'山地车/公路车',128,3,1,0,NULL,NULL,0),
(1186,'电动车',128,3,1,0,NULL,NULL,0),
(1187,'其他整车',128,3,1,0,NULL,NULL,0),
(1188,'骑行服',128,3,1,0,NULL,NULL,0),
(1189,'骑行装备',128,3,1,0,NULL,NULL,0),
(1190,'平衡车',128,3,1,0,NULL,NULL,0),
(1191,'鱼竿鱼线',129,3,1,0,NULL,NULL,0),
(1192,'浮漂鱼饵',129,3,1,0,NULL,NULL,0),
(1193,'钓鱼桌椅',129,3,1,0,NULL,NULL,0),
(1194,'钓鱼配件',129,3,1,0,NULL,NULL,0),
(1195,'钓箱鱼包',129,3,1,0,NULL,NULL,0),
(1196,'其它',129,3,1,0,NULL,NULL,0),
(1197,'泳镜',130,3,1,0,NULL,NULL,0),
(1198,'泳帽',130,3,1,0,NULL,NULL,0),
(1199,'游泳包防水包',130,3,1,0,NULL,NULL,0),
(1200,'女士泳衣',130,3,1,0,NULL,NULL,0),
(1201,'男士泳衣',130,3,1,0,NULL,NULL,0),
(1202,'比基尼',130,3,1,0,NULL,NULL,0),
(1203,'其它',130,3,1,0,NULL,NULL,0),
(1204,'冲锋衣裤',131,3,1,0,NULL,NULL,0),
(1205,'速干衣裤',131,3,1,0,NULL,NULL,0),
(1206,'滑雪服',131,3,1,0,NULL,NULL,0),
(1207,'羽绒服/棉服',131,3,1,0,NULL,NULL,0),
(1208,'休闲衣裤',131,3,1,0,NULL,NULL,0),
(1209,'抓绒衣裤',131,3,1,0,NULL,NULL,0),
(1210,'软壳衣裤',131,3,1,0,NULL,NULL,0),
(1211,'T恤',131,3,1,0,NULL,NULL,0),
(1212,'户外风衣',131,3,1,0,NULL,NULL,0),
(1213,'功能内衣',131,3,1,0,NULL,NULL,0),
(1214,'军迷服饰',131,3,1,0,NULL,NULL,0),
(1215,'登山鞋',131,3,1,0,NULL,NULL,0),
(1216,'雪地靴',131,3,1,0,NULL,NULL,0),
(1217,'徒步鞋',131,3,1,0,NULL,NULL,0),
(1218,'越野跑鞋',131,3,1,0,NULL,NULL,0),
(1219,'休闲鞋',131,3,1,0,NULL,NULL,0),
(1220,'工装鞋',131,3,1,0,NULL,NULL,0),
(1221,'溯溪鞋',131,3,1,0,NULL,NULL,0),
(1222,'沙滩/凉拖',131,3,1,0,NULL,NULL,0),
(1223,'户外袜',131,3,1,0,NULL,NULL,0),
(1224,'帐篷/垫子',132,3,1,0,NULL,NULL,0),
(1225,'睡袋/吊床',132,3,1,0,NULL,NULL,0),
(1226,'登山攀岩',132,3,1,0,NULL,NULL,0),
(1227,'户外配饰',132,3,1,0,NULL,NULL,0),
(1228,'背包',132,3,1,0,NULL,NULL,0),
(1229,'户外照明',132,3,1,0,NULL,NULL,0),
(1230,'户外仪表',132,3,1,0,NULL,NULL,0),
(1231,'户外工具',132,3,1,0,NULL,NULL,0),
(1232,'望远镜',132,3,1,0,NULL,NULL,0),
(1233,'旅游用品',132,3,1,0,NULL,NULL,0),
(1234,'便携桌椅床',132,3,1,0,NULL,NULL,0),
(1235,'野餐烧烤',132,3,1,0,NULL,NULL,0),
(1236,'军迷用品',132,3,1,0,NULL,NULL,0),
(1237,'救援装备',132,3,1,0,NULL,NULL,0),
(1238,'滑雪装备',132,3,1,0,NULL,NULL,0),
(1239,'极限户外',132,3,1,0,NULL,NULL,0),
(1240,'冲浪潜水',132,3,1,0,NULL,NULL,0),
(1241,'综合训练器',133,3,1,0,NULL,NULL,0),
(1242,'其他大型器械',133,3,1,0,NULL,NULL,0),
(1243,'哑铃',133,3,1,0,NULL,NULL,0),
(1244,'仰卧板/收腹机',133,3,1,0,NULL,NULL,0),
(1245,'其他中小型器材',133,3,1,0,NULL,NULL,0),
(1246,'瑜伽舞蹈',133,3,1,0,NULL,NULL,0),
(1247,'甩脂机',133,3,1,0,NULL,NULL,0),
(1248,'踏步机',133,3,1,0,NULL,NULL,0),
(1249,'武术搏击',133,3,1,0,NULL,NULL,0),
(1250,'健身车/动感单车',133,3,1,0,NULL,NULL,0),
(1251,'跑步机',133,3,1,0,NULL,NULL,0),
(1252,'运动护具',133,3,1,0,NULL,NULL,0),
(1253,'羽毛球',134,3,1,0,NULL,NULL,0),
(1254,'乒乓球',134,3,1,0,NULL,NULL,0),
(1255,'篮球',134,3,1,0,NULL,NULL,0),
(1256,'足球',134,3,1,0,NULL,NULL,0),
(1257,'网球',134,3,1,0,NULL,NULL,0),
(1258,'排球',134,3,1,0,NULL,NULL,0),
(1259,'高尔夫',134,3,1,0,NULL,NULL,0),
(1260,'台球',134,3,1,0,NULL,NULL,0),
(1261,'棋牌麻将',134,3,1,0,NULL,NULL,0),
(1262,'轮滑滑板',134,3,1,0,NULL,NULL,0),
(1263,'其他',134,3,1,0,NULL,NULL,0),
(1264,'0-6个月',135,3,1,0,NULL,NULL,0),
(1265,'6-12个月',135,3,1,0,NULL,NULL,0),
(1266,'1-3岁',135,3,1,0,NULL,NULL,0),
(1267,'3-6岁',135,3,1,0,NULL,NULL,0),
(1268,'6-14岁',135,3,1,0,NULL,NULL,0),
(1269,'14岁以上',135,3,1,0,NULL,NULL,0),
(1270,'遥控车',136,3,1,0,NULL,NULL,0),
(1271,'遥控飞机',136,3,1,0,NULL,NULL,0),
(1272,'遥控船',136,3,1,0,NULL,NULL,0),
(1273,'机器人',136,3,1,0,NULL,NULL,0),
(1274,'轨道/助力',136,3,1,0,NULL,NULL,0),
(1275,'毛绒/布艺',137,3,1,0,NULL,NULL,0),
(1276,'靠垫/抱枕',137,3,1,0,NULL,NULL,0),
(1277,'芭比娃娃',138,3,1,0,NULL,NULL,0),
(1278,'卡通娃娃',138,3,1,0,NULL,NULL,0),
(1279,'智能娃娃',138,3,1,0,NULL,NULL,0),
(1280,'仿真模型',139,3,1,0,NULL,NULL,0),
(1281,'拼插模型',139,3,1,0,NULL,NULL,0),
(1282,'收藏爱好',139,3,1,0,NULL,NULL,0),
(1283,'炫舞毯',140,3,1,0,NULL,NULL,0),
(1284,'爬行垫/毯',140,3,1,0,NULL,NULL,0),
(1285,'户外玩具',140,3,1,0,NULL,NULL,0),
(1286,'戏水玩具',140,3,1,0,NULL,NULL,0),
(1287,'电影周边',141,3,1,0,NULL,NULL,0),
(1288,'卡通周边',141,3,1,0,NULL,NULL,0),
(1289,'网游周边',141,3,1,0,NULL,NULL,0),
(1290,'摇铃/床铃',142,3,1,0,NULL,NULL,0),
(1291,'健身架',142,3,1,0,NULL,NULL,0),
(1292,'早教启智',142,3,1,0,NULL,NULL,0),
(1293,'拖拉玩具',142,3,1,0,NULL,NULL,0),
(1294,'积木',143,3,1,0,NULL,NULL,0),
(1295,'拼图',143,3,1,0,NULL,NULL,0),
(1296,'磁力棒',143,3,1,0,NULL,NULL,0),
(1297,'立体拼插',143,3,1,0,NULL,NULL,0),
(1298,'手工彩泥',144,3,1,0,NULL,NULL,0),
(1299,'绘画工具',144,3,1,0,NULL,NULL,0),
(1300,'情景玩具',144,3,1,0,NULL,NULL,0),
(1301,'减压玩具',145,3,1,0,NULL,NULL,0),
(1302,'创意玩具',145,3,1,0,NULL,NULL,0),
(1303,'钢琴',146,3,1,0,NULL,NULL,0),
(1304,'电子琴/电钢琴',146,3,1,0,NULL,NULL,0),
(1305,'吉他/尤克里里',146,3,1,0,NULL,NULL,0),
(1306,'打击乐器',146,3,1,0,NULL,NULL,0),
(1307,'西洋管弦',146,3,1,0,NULL,NULL,0),
(1308,'民族管弦乐器',146,3,1,0,NULL,NULL,0),
(1309,'乐器配件',146,3,1,0,NULL,NULL,0),
(1310,'电脑音乐',146,3,1,0,NULL,NULL,0),
(1311,'工艺礼品乐器',146,3,1,0,NULL,NULL,0),
(1312,'口琴/口风琴/竖笛',146,3,1,0,NULL,NULL,0),
(1313,'手风琴',146,3,1,0,NULL,NULL,0),
(1314,'双色球',147,3,1,0,NULL,NULL,0),
(1315,'大乐透',147,3,1,0,NULL,NULL,0),
(1316,'福彩3D',147,3,1,0,NULL,NULL,0),
(1317,'排列三',147,3,1,0,NULL,NULL,0),
(1318,'排列五',147,3,1,0,NULL,NULL,0),
(1319,'七星彩',147,3,1,0,NULL,NULL,0),
(1320,'七乐彩',147,3,1,0,NULL,NULL,0),
(1321,'竞彩足球',147,3,1,0,NULL,NULL,0),
(1322,'竞彩篮球',147,3,1,0,NULL,NULL,0),
(1323,'新时时彩',147,3,1,0,NULL,NULL,0),
(1324,'国内机票',148,3,1,0,NULL,NULL,0),
(1325,'国内酒店',149,3,1,0,NULL,NULL,0),
(1326,'酒店团购',149,3,1,0,NULL,NULL,0),
(1327,'度假',150,3,1,0,NULL,NULL,0),
(1328,'景点',150,3,1,0,NULL,NULL,0),
(1329,'租车',150,3,1,0,NULL,NULL,0),
(1330,'火车票',150,3,1,0,NULL,NULL,0),
(1331,'旅游团购',150,3,1,0,NULL,NULL,0),
(1332,'手机充值',151,3,1,0,NULL,NULL,0),
(1333,'游戏点卡',152,3,1,0,NULL,NULL,0),
(1334,'QQ充值',152,3,1,0,NULL,NULL,0),
(1335,'电影票',153,3,1,0,NULL,NULL,0),
(1336,'演唱会',153,3,1,0,NULL,NULL,0),
(1337,'话剧歌剧',153,3,1,0,NULL,NULL,0),
(1338,'音乐会',153,3,1,0,NULL,NULL,0),
(1339,'体育赛事',153,3,1,0,NULL,NULL,0),
(1340,'舞蹈芭蕾',153,3,1,0,NULL,NULL,0),
(1341,'戏曲综艺',153,3,1,0,NULL,NULL,0),
(1342,'东北',154,3,1,0,NULL,NULL,0),
(1343,'华北',154,3,1,0,NULL,NULL,0),
(1344,'西北',154,3,1,0,NULL,NULL,0),
(1345,'华中',154,3,1,0,NULL,NULL,0),
(1346,'华东',154,3,1,0,NULL,NULL,0),
(1347,'华南',154,3,1,0,NULL,NULL,0),
(1348,'西南',154,3,1,0,NULL,NULL,0),
(1349,'苹果',155,3,1,0,NULL,NULL,0),
(1350,'橙子',155,3,1,0,NULL,NULL,0),
(1351,'奇异果/猕猴桃',155,3,1,0,NULL,NULL,0),
(1352,'车厘子/樱桃',155,3,1,0,NULL,NULL,0),
(1353,'芒果',155,3,1,0,NULL,NULL,0),
(1354,'蓝莓',155,3,1,0,NULL,NULL,0),
(1355,'火龙果',155,3,1,0,NULL,NULL,0),
(1356,'葡萄/提子',155,3,1,0,NULL,NULL,0),
(1357,'柚子',155,3,1,0,NULL,NULL,0),
(1358,'香蕉',155,3,1,0,NULL,NULL,0),
(1359,'牛油果',155,3,1,0,NULL,NULL,0),
(1360,'梨',155,3,1,0,NULL,NULL,0),
(1361,'菠萝/凤梨',155,3,1,0,NULL,NULL,0),
(1362,'桔/橘',155,3,1,0,NULL,NULL,0),
(1363,'柠檬',155,3,1,0,NULL,NULL,0),
(1364,'草莓',155,3,1,0,NULL,NULL,0),
(1365,'桃/李/杏',155,3,1,0,NULL,NULL,0),
(1366,'更多水果',155,3,1,0,NULL,NULL,0),
(1367,'水果礼盒/券',155,3,1,0,NULL,NULL,0),
(1368,'牛肉',156,3,1,0,NULL,NULL,0),
(1369,'羊肉',156,3,1,0,NULL,NULL,0),
(1370,'猪肉',156,3,1,0,NULL,NULL,0),
(1371,'内脏类',156,3,1,0,NULL,NULL,0),
(1372,'鱼类',157,3,1,0,NULL,NULL,0),
(1373,'虾类',157,3,1,0,NULL,NULL,0),
(1374,'蟹类',157,3,1,0,NULL,NULL,0),
(1375,'贝类',157,3,1,0,NULL,NULL,0),
(1376,'海参',157,3,1,0,NULL,NULL,0),
(1377,'海产干货',157,3,1,0,NULL,NULL,0),
(1378,'其他水产',157,3,1,0,NULL,NULL,0),
(1379,'海产礼盒',157,3,1,0,NULL,NULL,0),
(1380,'鸡肉',158,3,1,0,NULL,NULL,0),
(1381,'鸭肉',158,3,1,0,NULL,NULL,0),
(1382,'蛋类',158,3,1,0,NULL,NULL,0),
(1383,'其他禽类',158,3,1,0,NULL,NULL,0),
(1384,'水饺/馄饨',159,3,1,0,NULL,NULL,0),
(1385,'汤圆/元宵',159,3,1,0,NULL,NULL,0),
(1386,'面点',159,3,1,0,NULL,NULL,0),
(1387,'火锅丸串',159,3,1,0,NULL,NULL,0),
(1388,'速冻半成品',159,3,1,0,NULL,NULL,0),
(1389,'奶酪黄油',159,3,1,0,NULL,NULL,0),
(1390,'熟食',160,3,1,0,NULL,NULL,0),
(1391,'腊肠/腊肉',160,3,1,0,NULL,NULL,0),
(1392,'火腿',160,3,1,0,NULL,NULL,0),
(1393,'糕点',160,3,1,0,NULL,NULL,0),
(1394,'礼品卡券',160,3,1,0,NULL,NULL,0),
(1395,'冷藏果蔬汁',161,3,1,0,NULL,NULL,0),
(1396,'冰激凌',161,3,1,0,NULL,NULL,0),
(1397,'其他',161,3,1,0,NULL,NULL,0),
(1398,'叶菜类',162,3,1,0,NULL,NULL,0),
(1399,'茄果瓜类',162,3,1,0,NULL,NULL,0),
(1400,'根茎类',162,3,1,0,NULL,NULL,0),
(1401,'鲜菌菇',162,3,1,0,NULL,NULL,0),
(1402,'葱姜蒜椒',162,3,1,0,NULL,NULL,0),
(1403,'半加工蔬菜',162,3,1,0,NULL,NULL,0),
(1404,'微型车',163,3,1,0,NULL,NULL,0),
(1405,'小型车',163,3,1,0,NULL,NULL,0),
(1406,'紧凑型车',163,3,1,0,NULL,NULL,0),
(1407,'中型车',163,3,1,0,NULL,NULL,0),
(1408,'中大型车',163,3,1,0,NULL,NULL,0),
(1409,'豪华车',163,3,1,0,NULL,NULL,0),
(1410,'MPV',163,3,1,0,NULL,NULL,0),
(1411,'SUV',163,3,1,0,NULL,NULL,0),
(1412,'跑车',163,3,1,0,NULL,NULL,0),
(1413,'微型车（二手）',164,3,1,0,NULL,NULL,0),
(1414,'小型车（二手）',164,3,1,0,NULL,NULL,0),
(1415,'紧凑型车（二手）',164,3,1,0,NULL,NULL,0),
(1416,'中型车（二手）',164,3,1,0,NULL,NULL,0),
(1417,'中大型车（二手）',164,3,1,0,NULL,NULL,0),
(1418,'豪华车（二手）',164,3,1,0,NULL,NULL,0),
(1419,'MPV（二手）',164,3,1,0,NULL,NULL,0),
(1420,'SUV（二手）',164,3,1,0,NULL,NULL,0),
(1421,'跑车（二手）',164,3,1,0,NULL,NULL,0),
(1422,'皮卡（二手）',164,3,1,0,NULL,NULL,0),
(1423,'面包车（二手）',164,3,1,0,NULL,NULL,0),
(1431,'dsa323',1,2,1,NULL,NULL,NULL,NULL),
(1432,'fdsffdsadddd大萨达',1431,3,1,NULL,NULL,NULL,NULL);

/*Table structure for table `pms_category_brand_relation` */

DROP TABLE IF EXISTS `pms_category_brand_relation`;

CREATE TABLE `pms_category_brand_relation` (
  `id` bigint NOT NULL AUTO_INCREMENT,
  `brand_id` bigint DEFAULT NULL COMMENT '品牌id',
  `catelog_id` bigint DEFAULT NULL COMMENT '分类id',
  `brand_name` varchar(255) DEFAULT NULL,
  `catelog_name` varchar(255) DEFAULT NULL,
  PRIMARY KEY (`id`)
) ENGINE=InnoDB AUTO_INCREMENT=41 DEFAULT CHARSET=utf8mb4 COLLATE=utf8mb4_0900_ai_ci COMMENT='品牌分类关联';

/*Data for the table `pms_category_brand_relation` */

insert  into `pms_category_brand_relation`(`id`,`brand_id`,`catelog_id`,`brand_name`,`catelog_name`) values 
(23,2,225,'小米','手机'),
(24,1,225,'Apple','手机'),
(25,3,225,'华为','手机'),
(26,11,225,'oppo','手机'),
(27,12,400,'水星家纺','床品套件'),
(28,12,401,'水星家纺','被子'),
(29,12,402,'水星家纺','枕芯'),
(30,13,399,'恒源祥','沙发垫套/椅垫'),
(31,13,400,'恒源祥','床品套件'),
(32,13,401,'恒源祥','被子'),
(33,13,402,'恒源祥','枕芯'),
(34,14,399,'富安娜','沙发垫套/椅垫'),
(35,14,400,'富安娜','床品套件'),
(36,14,401,'富安娜','被子'),
(37,14,402,'富安娜','枕芯'),
(38,15,400,'博洋家纺','床品套件'),
(39,15,401,'博洋家纺','被子'),
(40,15,402,'博洋家纺','枕芯');

/*Table structure for table `pms_comment_replay` */

DROP TABLE IF EXISTS `pms_comment_replay`;

CREATE TABLE `pms_comment_replay` (
  `id` bigint NOT NULL AUTO_INCREMENT COMMENT 'id',
  `comment_id` bigint DEFAULT NULL COMMENT '评论id',
  `reply_id` bigint DEFAULT NULL COMMENT '回复id',
  PRIMARY KEY (`id`)
) ENGINE=InnoDB DEFAULT CHARSET=utf8mb4 COLLATE=utf8mb4_0900_ai_ci COMMENT='商品评价回复关系';

/*Data for the table `pms_comment_replay` */

/*Table structure for table `pms_product_attr_value` */

DROP TABLE IF EXISTS `pms_product_attr_value`;

CREATE TABLE `pms_product_attr_value` (
  `id` bigint NOT NULL AUTO_INCREMENT COMMENT 'id',
  `spu_id` bigint DEFAULT NULL COMMENT '商品id',
  `attr_id` bigint DEFAULT NULL COMMENT '属性id',
  `attr_name` varchar(200) DEFAULT NULL COMMENT '属性名',
  `attr_value` varchar(200) DEFAULT NULL COMMENT '属性值',
  `attr_sort` int DEFAULT NULL COMMENT '顺序',
  `quick_show` tinyint DEFAULT NULL COMMENT '快速展示【是否展示在介绍上；0-否 1-是】',
  PRIMARY KEY (`id`)
) ENGINE=InnoDB AUTO_INCREMENT=189 DEFAULT CHARSET=utf8mb4 COLLATE=utf8mb4_0900_ai_ci COMMENT='spu属性值';

/*Data for the table `pms_product_attr_value` */

insert  into `pms_product_attr_value`(`id`,`spu_id`,`attr_id`,`attr_name`,`attr_value`,`attr_sort`,`quick_show`) values 
(55,13,5,'入网型号','ANY-AN00',NULL,1),
(56,13,12,'上市日期','2022',NULL,1),
(57,13,13,'机型','ANY-AN001',NULL,1),
(58,13,9,'屏幕尺寸','6.6英寸',NULL,1),
(59,13,10,'屏幕分辨率','2400*1080（FHD+）',NULL,1),
(60,13,11,'屏幕特色','无',NULL,1),
(61,13,14,'机身尺寸','宽71.5mm；长146.7mm；厚7.4mm',NULL,1),
(62,13,15,'机身重量','162g',NULL,1),
(63,13,16,'机身颜色','白色',NULL,1),
(64,14,5,'入网型号','ANY-AN00',NULL,1),
(65,14,12,'上市日期','2022',NULL,1),
(66,14,13,'机型','ANY-AN001',NULL,1),
(67,14,9,'屏幕尺寸','6.6英寸',NULL,1),
(68,14,10,'屏幕分辨率','2400*1080（FHD+）',NULL,1),
(69,14,11,'屏幕特色','无',NULL,1),
(70,14,14,'机身尺寸','宽71.5mm；长146.7mm；厚7.4mm',NULL,1),
(71,14,15,'机身重量','162g',NULL,1),
(72,14,16,'机身颜色','白色',NULL,1),
(73,15,5,'入网型号','ANY-AN00',NULL,1),
(74,15,12,'上市日期','2022',NULL,1),
(75,15,13,'机型','ANY-AN001',NULL,1),
(76,15,9,'屏幕尺寸','6.6英寸',NULL,1),
(77,15,10,'屏幕分辨率','2400*1080（FHD+）',NULL,1),
(78,15,11,'屏幕特色','无',NULL,1),
(79,15,14,'机身尺寸','宽71.5mm；长146.7mm；厚7.4mm',NULL,1),
(80,15,15,'机身重量','162g',NULL,1),
(81,15,16,'机身颜色','白色',NULL,1),
(82,16,5,'入网型号','ANY-AN00',NULL,1),
(83,16,12,'上市日期','2022',NULL,1),
(84,16,13,'机型','ANY-AN001',NULL,1),
(85,16,9,'屏幕尺寸','6.6英寸',NULL,1),
(86,16,10,'屏幕分辨率','2400*1080（FHD+）',NULL,1),
(87,16,11,'屏幕特色','无',NULL,1),
(88,16,14,'机身尺寸','宽71.5mm；长146.7mm；厚7.4mm',NULL,1),
(89,16,15,'机身重量','162g',NULL,1),
(90,16,16,'机身颜色','白色',NULL,1),
(99,12,5,'入网型号','ANY-AN00',NULL,1),
(100,12,12,'上市日期','2022',NULL,1),
(101,12,13,'机型','ANY-AN001',NULL,1),
(102,12,9,'屏幕尺寸','6.6英寸',NULL,1),
(103,12,10,'屏幕分辨率','2400*1080（FHD+）',NULL,1),
(104,12,11,'屏幕特色','无',NULL,1),
(105,12,14,'机身尺寸','宽71.5mm；长146.7mm；厚7.4mm',NULL,1),
(106,12,15,'机身重量','sssss',NULL,1),
(107,12,16,'机身颜色','黑色',NULL,1),
(108,17,5,'入网型号','A2634',NULL,1),
(109,17,12,'上市日期','2022-7',NULL,1),
(110,17,13,'机型','A2634',NULL,1),
(111,17,9,'屏幕尺寸','6.6英寸',NULL,1),
(112,17,10,'屏幕分辨率','2400*1080（FHD+）',NULL,1),
(113,17,11,'屏幕特色','无',NULL,1),
(114,17,14,'机身尺寸','宽73.91mm；长162.18mm；厚6.88mm',NULL,0),
(115,17,15,'机身重量','355g',NULL,0),
(116,17,16,'机身颜色','白色',NULL,0),
(117,18,5,'入网型号','NCO-AL00',NULL,1),
(118,18,12,'上市日期','2022',NULL,1),
(119,18,13,'机型','华为 nova10',NULL,1),
(120,18,9,'屏幕尺寸','6.67英寸',NULL,1),
(121,18,10,'屏幕分辨率','FHD+',NULL,1),
(122,18,11,'屏幕特色','无',NULL,1),
(123,18,14,'机身尺寸','宽73.91mm；长162.18mm；厚6.88mm',NULL,1),
(124,18,15,'机身重量','168g',NULL,1),
(125,18,16,'机身颜色','曜金黑',NULL,1),
(131,20,22,'面料成分','全棉',NULL,1),
(132,20,23,'图案','纯色',NULL,1),
(133,20,24,'风格','简约风',NULL,1),
(134,20,25,'织造工艺','斜纹',NULL,1),
(135,20,26,'适用人群','大众',NULL,1),
(141,22,22,'面料成分','全棉',NULL,1),
(142,22,23,'图案','植物花卉',NULL,1),
(143,22,24,'风格','美式',NULL,1),
(144,22,25,'织造工艺','斜纹',NULL,1),
(145,22,26,'适用人群','大众',NULL,1),
(149,24,27,'面料材质','纯棉',NULL,1),
(150,24,28,'填充物','棉花',NULL,1),
(151,24,29,'适用季节','四季',NULL,1),
(152,25,27,'面料材质','纯棉',NULL,1),
(153,25,28,'填充物','白鹅绒',NULL,1),
(154,25,29,'适用季节','冬季',NULL,1),
(155,26,27,'面料材质','聚酯纤维',NULL,0),
(156,26,28,'填充物','羽绒',NULL,0),
(157,26,29,'适用季节','秋季',NULL,0),
(158,27,27,'面料材质','莫代尔',NULL,1),
(159,27,28,'填充物','蚕丝',NULL,1),
(160,27,29,'适用季节','夏季',NULL,1),
(161,28,22,'面料成分','长绒棉',NULL,1),
(162,28,23,'图案','绣花',NULL,1),
(163,28,24,'风格','中国风',NULL,1),
(164,28,25,'织造工艺','磨毛',NULL,1),
(165,28,26,'适用人群','大众',NULL,1),
(166,29,22,'面料成分','天丝',NULL,1),
(167,29,23,'图案','条纹刺绣',NULL,1),
(168,29,24,'风格','英伦风',NULL,1),
(169,29,25,'织造工艺','贡缎',NULL,1),
(170,29,26,'适用人群','大众',NULL,1),
(171,30,30,'枕头面料','全棉',NULL,1),
(172,30,31,'形状','长方形',NULL,1),
(173,30,32,'填充物','聚酯纤维',NULL,1),
(174,30,33,'适用人群','成人',NULL,1),
(175,30,34,'高度','中枕',NULL,1),
(176,31,30,'枕头面料','聚酯纤维',NULL,1),
(177,31,31,'形状','长方形',NULL,1),
(178,31,32,'填充物','聚酯纤维',NULL,1),
(179,31,33,'适用人群','成人',NULL,1),
(180,31,34,'高度','高枕',NULL,1),
(181,32,18,'面料成分','全棉',NULL,1),
(182,32,19,'风格','简约现代',NULL,1),
(183,32,20,'图案','花色',NULL,1),
(184,32,21,'产地','中国大陆',NULL,1),
(185,33,18,'面料成分','聚酯纤维',NULL,1),
(186,33,19,'风格','美式',NULL,1),
(187,33,20,'图案','纯色',NULL,1),
(188,33,21,'产地','美国',NULL,1);

/*Table structure for table `pms_sku_images` */

DROP TABLE IF EXISTS `pms_sku_images`;

CREATE TABLE `pms_sku_images` (
  `id` bigint NOT NULL AUTO_INCREMENT COMMENT 'id',
  `sku_id` bigint DEFAULT NULL COMMENT 'sku_id',
  `img_url` varchar(255) DEFAULT NULL COMMENT '图片地址',
  `img_sort` int DEFAULT NULL COMMENT '排序',
  `default_img` int DEFAULT NULL COMMENT '默认图[0 - 不是默认图，1 - 是默认图]',
  PRIMARY KEY (`id`)
) ENGINE=InnoDB AUTO_INCREMENT=289 DEFAULT CHARSET=utf8mb4 COLLATE=utf8mb4_0900_ai_ci COMMENT='sku图片';

/*Data for the table `pms_sku_images` */

insert  into `pms_sku_images`(`id`,`sku_id`,`img_url`,`img_sort`,`default_img`) values 
(36,8,'https://gulimall-renchao.oss-cn-hangzhou.aliyuncs.com/2022-07-23//d44891ae-b552-497e-8892-b7d3218c82ed_0d40c24b264aa511.jpg',NULL,1),
(37,8,'https://gulimall-renchao.oss-cn-hangzhou.aliyuncs.com/2022-07-23//3baf69c9-ae6f-4474-835f-2ae42e17f85c_8bf441260bffa42f.jpg',NULL,0),
(38,8,'https://gulimall-renchao.oss-cn-hangzhou.aliyuncs.com/2022-07-23//e8bf30fe-8122-4d7a-8a3c-ed9630ed3676_23cd65077f12f7f5.jpg',NULL,0),
(39,9,'https://gulimall-renchao.oss-cn-hangzhou.aliyuncs.com/2022-07-23//d44891ae-b552-497e-8892-b7d3218c82ed_0d40c24b264aa511.jpg',NULL,0),
(40,9,'https://gulimall-renchao.oss-cn-hangzhou.aliyuncs.com/2022-07-23//3baf69c9-ae6f-4474-835f-2ae42e17f85c_8bf441260bffa42f.jpg',NULL,1),
(41,9,'https://gulimall-renchao.oss-cn-hangzhou.aliyuncs.com/2022-07-23//e8bf30fe-8122-4d7a-8a3c-ed9630ed3676_23cd65077f12f7f5.jpg',NULL,0),
(42,9,'https://gulimall-renchao.oss-cn-hangzhou.aliyuncs.com/2022-07-23//37a69d11-3436-4012-8d50-aa199e07f80d_73ab4d2e818d2211.jpg',NULL,0),
(43,10,'https://gulimall-renchao.oss-cn-hangzhou.aliyuncs.com/2022-07-23//d44891ae-b552-497e-8892-b7d3218c82ed_0d40c24b264aa511.jpg',NULL,0),
(44,10,'https://gulimall-renchao.oss-cn-hangzhou.aliyuncs.com/2022-07-23//3baf69c9-ae6f-4474-835f-2ae42e17f85c_8bf441260bffa42f.jpg',NULL,0),
(45,10,'https://gulimall-renchao.oss-cn-hangzhou.aliyuncs.com/2022-07-23//e8bf30fe-8122-4d7a-8a3c-ed9630ed3676_23cd65077f12f7f5.jpg',NULL,0),
(46,10,'https://gulimall-renchao.oss-cn-hangzhou.aliyuncs.com/2022-07-23//37a69d11-3436-4012-8d50-aa199e07f80d_73ab4d2e818d2211.jpg',NULL,0),
(47,10,'https://gulimall-renchao.oss-cn-hangzhou.aliyuncs.com/2022-07-23//a9ebb909-fd2e-48c9-83d0-70231b30cbeb_a2c208410ae84d1f.jpg',NULL,1),
(48,11,'https://gulimall-renchao.oss-cn-hangzhou.aliyuncs.com/2022-07-23//d44891ae-b552-497e-8892-b7d3218c82ed_0d40c24b264aa511.jpg',NULL,0),
(49,11,'https://gulimall-renchao.oss-cn-hangzhou.aliyuncs.com/2022-07-23//3baf69c9-ae6f-4474-835f-2ae42e17f85c_8bf441260bffa42f.jpg',NULL,0),
(50,11,'https://gulimall-renchao.oss-cn-hangzhou.aliyuncs.com/2022-07-23//e8bf30fe-8122-4d7a-8a3c-ed9630ed3676_23cd65077f12f7f5.jpg',NULL,1),
(51,11,'https://gulimall-renchao.oss-cn-hangzhou.aliyuncs.com/2022-07-23//37a69d11-3436-4012-8d50-aa199e07f80d_73ab4d2e818d2211.jpg',NULL,0),
(52,11,'https://gulimall-renchao.oss-cn-hangzhou.aliyuncs.com/2022-07-23//a9ebb909-fd2e-48c9-83d0-70231b30cbeb_a2c208410ae84d1f.jpg',NULL,0),
(53,12,'https://gulimall-renchao.oss-cn-hangzhou.aliyuncs.com/2022-07-24/d588544a-5ee1-4ed9-83a3-d0dd24aa9cc9_1.jpg',NULL,1),
(54,12,'https://gulimall-renchao.oss-cn-hangzhou.aliyuncs.com/2022-07-24/5d173688-10a1-427e-8ae1-d876eed28f3d_2.jpg',NULL,0),
(55,13,'https://gulimall-renchao.oss-cn-hangzhou.aliyuncs.com/2022-07-24/d588544a-5ee1-4ed9-83a3-d0dd24aa9cc9_1.jpg',NULL,1),
(56,13,'https://gulimall-renchao.oss-cn-hangzhou.aliyuncs.com/2022-07-24/5d173688-10a1-427e-8ae1-d876eed28f3d_2.jpg',NULL,0),
(57,13,'https://gulimall-renchao.oss-cn-hangzhou.aliyuncs.com/2022-07-24/5704ebe3-c609-4c95-8f4f-040045b7ba4b_3.jpg',NULL,0),
(58,13,'https://gulimall-renchao.oss-cn-hangzhou.aliyuncs.com/2022-07-24/2aa5c88e-2173-40ba-8dd4-27c342c8a62b_4.jpg',NULL,0),
(59,16,'https://gulimall-renchao.oss-cn-hangzhou.aliyuncs.com/2022-07-24/d588544a-5ee1-4ed9-83a3-d0dd24aa9cc9_1.jpg',NULL,1),
(60,16,'https://gulimall-renchao.oss-cn-hangzhou.aliyuncs.com/2022-07-24/5d173688-10a1-427e-8ae1-d876eed28f3d_2.jpg',NULL,0),
(61,17,'https://gulimall-renchao.oss-cn-hangzhou.aliyuncs.com/2022-07-24/d588544a-5ee1-4ed9-83a3-d0dd24aa9cc9_1.jpg',NULL,1),
(62,17,'https://gulimall-renchao.oss-cn-hangzhou.aliyuncs.com/2022-07-24/5d173688-10a1-427e-8ae1-d876eed28f3d_2.jpg',NULL,0),
(63,17,'https://gulimall-renchao.oss-cn-hangzhou.aliyuncs.com/2022-07-24/5704ebe3-c609-4c95-8f4f-040045b7ba4b_3.jpg',NULL,0),
(64,17,'https://gulimall-renchao.oss-cn-hangzhou.aliyuncs.com/2022-07-24/2aa5c88e-2173-40ba-8dd4-27c342c8a62b_4.jpg',NULL,0),
(65,20,'https://gulimall-renchao.oss-cn-hangzhou.aliyuncs.com/2022-07-24/d588544a-5ee1-4ed9-83a3-d0dd24aa9cc9_1.jpg',NULL,1),
(66,20,'https://gulimall-renchao.oss-cn-hangzhou.aliyuncs.com/2022-07-24/5d173688-10a1-427e-8ae1-d876eed28f3d_2.jpg',NULL,0),
(67,21,'https://gulimall-renchao.oss-cn-hangzhou.aliyuncs.com/2022-07-24/d588544a-5ee1-4ed9-83a3-d0dd24aa9cc9_1.jpg',NULL,1),
(68,21,'https://gulimall-renchao.oss-cn-hangzhou.aliyuncs.com/2022-07-24/5d173688-10a1-427e-8ae1-d876eed28f3d_2.jpg',NULL,0),
(69,21,'https://gulimall-renchao.oss-cn-hangzhou.aliyuncs.com/2022-07-24/5704ebe3-c609-4c95-8f4f-040045b7ba4b_3.jpg',NULL,0),
(70,21,'https://gulimall-renchao.oss-cn-hangzhou.aliyuncs.com/2022-07-24/2aa5c88e-2173-40ba-8dd4-27c342c8a62b_4.jpg',NULL,0),
(71,24,'https://gulimall-renchao.oss-cn-hangzhou.aliyuncs.com/2022-07-23//d44891ae-b552-497e-8892-b7d3218c82ed_0d40c24b264aa511.jpg',NULL,1),
(72,24,'https://gulimall-renchao.oss-cn-hangzhou.aliyuncs.com/2022-07-23//3baf69c9-ae6f-4474-835f-2ae42e17f85c_8bf441260bffa42f.jpg',NULL,0),
(73,24,'https://gulimall-renchao.oss-cn-hangzhou.aliyuncs.com/2022-07-23//e8bf30fe-8122-4d7a-8a3c-ed9630ed3676_23cd65077f12f7f5.jpg',NULL,0),
(74,25,'https://gulimall-renchao.oss-cn-hangzhou.aliyuncs.com/2022-07-23//d44891ae-b552-497e-8892-b7d3218c82ed_0d40c24b264aa511.jpg',NULL,0),
(75,25,'https://gulimall-renchao.oss-cn-hangzhou.aliyuncs.com/2022-07-23//3baf69c9-ae6f-4474-835f-2ae42e17f85c_8bf441260bffa42f.jpg',NULL,1),
(76,25,'https://gulimall-renchao.oss-cn-hangzhou.aliyuncs.com/2022-07-23//e8bf30fe-8122-4d7a-8a3c-ed9630ed3676_23cd65077f12f7f5.jpg',NULL,0),
(77,25,'https://gulimall-renchao.oss-cn-hangzhou.aliyuncs.com/2022-07-23//37a69d11-3436-4012-8d50-aa199e07f80d_73ab4d2e818d2211.jpg',NULL,0),
(78,26,'https://gulimall-renchao.oss-cn-hangzhou.aliyuncs.com/2022-07-23//d44891ae-b552-497e-8892-b7d3218c82ed_0d40c24b264aa511.jpg',NULL,0),
(79,26,'https://gulimall-renchao.oss-cn-hangzhou.aliyuncs.com/2022-07-23//3baf69c9-ae6f-4474-835f-2ae42e17f85c_8bf441260bffa42f.jpg',NULL,0),
(80,26,'https://gulimall-renchao.oss-cn-hangzhou.aliyuncs.com/2022-07-23//e8bf30fe-8122-4d7a-8a3c-ed9630ed3676_23cd65077f12f7f5.jpg',NULL,0),
(81,26,'https://gulimall-renchao.oss-cn-hangzhou.aliyuncs.com/2022-07-23//37a69d11-3436-4012-8d50-aa199e07f80d_73ab4d2e818d2211.jpg',NULL,0),
(82,26,'https://gulimall-renchao.oss-cn-hangzhou.aliyuncs.com/2022-07-23//a9ebb909-fd2e-48c9-83d0-70231b30cbeb_a2c208410ae84d1f.jpg',NULL,1),
(83,27,'https://gulimall-renchao.oss-cn-hangzhou.aliyuncs.com/2022-07-23//d44891ae-b552-497e-8892-b7d3218c82ed_0d40c24b264aa511.jpg',NULL,0),
(84,27,'https://gulimall-renchao.oss-cn-hangzhou.aliyuncs.com/2022-07-23//3baf69c9-ae6f-4474-835f-2ae42e17f85c_8bf441260bffa42f.jpg',NULL,0),
(85,27,'https://gulimall-renchao.oss-cn-hangzhou.aliyuncs.com/2022-07-23//e8bf30fe-8122-4d7a-8a3c-ed9630ed3676_23cd65077f12f7f5.jpg',NULL,1),
(86,27,'https://gulimall-renchao.oss-cn-hangzhou.aliyuncs.com/2022-07-23//37a69d11-3436-4012-8d50-aa199e07f80d_73ab4d2e818d2211.jpg',NULL,0),
(87,27,'https://gulimall-renchao.oss-cn-hangzhou.aliyuncs.com/2022-07-23//a9ebb909-fd2e-48c9-83d0-70231b30cbeb_a2c208410ae84d1f.jpg',NULL,0),
(88,28,'https://gulimall-renchao.oss-cn-hangzhou.aliyuncs.com/2022-08-01/622c0c27-d3a7-4de8-8bb8-a3bd8479ed4f_1.jpg',NULL,1),
(89,28,'https://gulimall-renchao.oss-cn-hangzhou.aliyuncs.com/2022-08-01/19840154-c8c8-4c6f-8dca-1d730682d930_2.jpg',NULL,0),
(90,28,'https://gulimall-renchao.oss-cn-hangzhou.aliyuncs.com/2022-08-01/2315a402-3240-4ea2-822f-d64eb1febc12_3.jpg',NULL,0),
(91,28,'https://gulimall-renchao.oss-cn-hangzhou.aliyuncs.com/2022-08-01/e79ed1a8-3dc1-4b1e-8088-dcb4c7c3b0ff_4.jpg',NULL,0),
(92,28,'https://gulimall-renchao.oss-cn-hangzhou.aliyuncs.com/2022-08-01/1d300167-8093-4782-80b1-09e633a1cbdb_5.jpg',NULL,0),
(93,29,'https://gulimall-renchao.oss-cn-hangzhou.aliyuncs.com/2022-08-01/622c0c27-d3a7-4de8-8bb8-a3bd8479ed4f_1.jpg',NULL,0),
(94,29,'https://gulimall-renchao.oss-cn-hangzhou.aliyuncs.com/2022-08-01/19840154-c8c8-4c6f-8dca-1d730682d930_2.jpg',NULL,1),
(95,29,'https://gulimall-renchao.oss-cn-hangzhou.aliyuncs.com/2022-08-01/2315a402-3240-4ea2-822f-d64eb1febc12_3.jpg',NULL,0),
(96,29,'https://gulimall-renchao.oss-cn-hangzhou.aliyuncs.com/2022-08-01/e79ed1a8-3dc1-4b1e-8088-dcb4c7c3b0ff_4.jpg',NULL,0),
(97,29,'https://gulimall-renchao.oss-cn-hangzhou.aliyuncs.com/2022-08-01/1d300167-8093-4782-80b1-09e633a1cbdb_5.jpg',NULL,0),
(98,30,'https://gulimall-renchao.oss-cn-hangzhou.aliyuncs.com/2022-08-01/622c0c27-d3a7-4de8-8bb8-a3bd8479ed4f_1.jpg',NULL,0),
(99,30,'https://gulimall-renchao.oss-cn-hangzhou.aliyuncs.com/2022-08-01/19840154-c8c8-4c6f-8dca-1d730682d930_2.jpg',NULL,0),
(100,30,'https://gulimall-renchao.oss-cn-hangzhou.aliyuncs.com/2022-08-01/2315a402-3240-4ea2-822f-d64eb1febc12_3.jpg',NULL,1),
(101,30,'https://gulimall-renchao.oss-cn-hangzhou.aliyuncs.com/2022-08-01/e79ed1a8-3dc1-4b1e-8088-dcb4c7c3b0ff_4.jpg',NULL,0),
(102,30,'https://gulimall-renchao.oss-cn-hangzhou.aliyuncs.com/2022-08-01/1d300167-8093-4782-80b1-09e633a1cbdb_5.jpg',NULL,0),
(103,31,'https://gulimall-renchao.oss-cn-hangzhou.aliyuncs.com/2022-08-01/622c0c27-d3a7-4de8-8bb8-a3bd8479ed4f_1.jpg',NULL,1),
(104,31,'https://gulimall-renchao.oss-cn-hangzhou.aliyuncs.com/2022-08-01/19840154-c8c8-4c6f-8dca-1d730682d930_2.jpg',NULL,0),
(105,31,'https://gulimall-renchao.oss-cn-hangzhou.aliyuncs.com/2022-08-01/2315a402-3240-4ea2-822f-d64eb1febc12_3.jpg',NULL,0),
(106,31,'https://gulimall-renchao.oss-cn-hangzhou.aliyuncs.com/2022-08-01/e79ed1a8-3dc1-4b1e-8088-dcb4c7c3b0ff_4.jpg',NULL,0),
(107,31,'https://gulimall-renchao.oss-cn-hangzhou.aliyuncs.com/2022-08-01/1d300167-8093-4782-80b1-09e633a1cbdb_5.jpg',NULL,0),
(108,32,'https://gulimall-renchao.oss-cn-hangzhou.aliyuncs.com/2022-08-01/622c0c27-d3a7-4de8-8bb8-a3bd8479ed4f_1.jpg',NULL,1),
(109,32,'https://gulimall-renchao.oss-cn-hangzhou.aliyuncs.com/2022-08-01/19840154-c8c8-4c6f-8dca-1d730682d930_2.jpg',NULL,0),
(110,32,'https://gulimall-renchao.oss-cn-hangzhou.aliyuncs.com/2022-08-01/2315a402-3240-4ea2-822f-d64eb1febc12_3.jpg',NULL,0),
(111,32,'https://gulimall-renchao.oss-cn-hangzhou.aliyuncs.com/2022-08-01/e79ed1a8-3dc1-4b1e-8088-dcb4c7c3b0ff_4.jpg',NULL,0),
(112,32,'https://gulimall-renchao.oss-cn-hangzhou.aliyuncs.com/2022-08-01/1d300167-8093-4782-80b1-09e633a1cbdb_5.jpg',NULL,0),
(113,33,'https://gulimall-renchao.oss-cn-hangzhou.aliyuncs.com/2022-08-01/622c0c27-d3a7-4de8-8bb8-a3bd8479ed4f_1.jpg',NULL,0),
(114,33,'https://gulimall-renchao.oss-cn-hangzhou.aliyuncs.com/2022-08-01/19840154-c8c8-4c6f-8dca-1d730682d930_2.jpg',NULL,0),
(115,33,'https://gulimall-renchao.oss-cn-hangzhou.aliyuncs.com/2022-08-01/2315a402-3240-4ea2-822f-d64eb1febc12_3.jpg',NULL,0),
(116,33,'https://gulimall-renchao.oss-cn-hangzhou.aliyuncs.com/2022-08-01/e79ed1a8-3dc1-4b1e-8088-dcb4c7c3b0ff_4.jpg',NULL,0),
(117,33,'https://gulimall-renchao.oss-cn-hangzhou.aliyuncs.com/2022-08-01/1d300167-8093-4782-80b1-09e633a1cbdb_5.jpg',NULL,1),
(118,34,'https://gulimall-renchao.oss-cn-hangzhou.aliyuncs.com/2022-08-01/622c0c27-d3a7-4de8-8bb8-a3bd8479ed4f_1.jpg',NULL,1),
(119,34,'https://gulimall-renchao.oss-cn-hangzhou.aliyuncs.com/2022-08-01/19840154-c8c8-4c6f-8dca-1d730682d930_2.jpg',NULL,0),
(120,34,'https://gulimall-renchao.oss-cn-hangzhou.aliyuncs.com/2022-08-01/2315a402-3240-4ea2-822f-d64eb1febc12_3.jpg',NULL,0),
(121,34,'https://gulimall-renchao.oss-cn-hangzhou.aliyuncs.com/2022-08-01/e79ed1a8-3dc1-4b1e-8088-dcb4c7c3b0ff_4.jpg',NULL,0),
(122,34,'https://gulimall-renchao.oss-cn-hangzhou.aliyuncs.com/2022-08-01/1d300167-8093-4782-80b1-09e633a1cbdb_5.jpg',NULL,0),
(123,35,'https://gulimall-renchao.oss-cn-hangzhou.aliyuncs.com/2022-08-01/622c0c27-d3a7-4de8-8bb8-a3bd8479ed4f_1.jpg',NULL,0),
(124,35,'https://gulimall-renchao.oss-cn-hangzhou.aliyuncs.com/2022-08-01/19840154-c8c8-4c6f-8dca-1d730682d930_2.jpg',NULL,1),
(125,35,'https://gulimall-renchao.oss-cn-hangzhou.aliyuncs.com/2022-08-01/2315a402-3240-4ea2-822f-d64eb1febc12_3.jpg',NULL,0),
(126,35,'https://gulimall-renchao.oss-cn-hangzhou.aliyuncs.com/2022-08-01/e79ed1a8-3dc1-4b1e-8088-dcb4c7c3b0ff_4.jpg',NULL,0),
(127,35,'https://gulimall-renchao.oss-cn-hangzhou.aliyuncs.com/2022-08-01/1d300167-8093-4782-80b1-09e633a1cbdb_5.jpg',NULL,0),
(128,36,'https://gulimall-renchao.oss-cn-hangzhou.aliyuncs.com/2022-08-01/622c0c27-d3a7-4de8-8bb8-a3bd8479ed4f_1.jpg',NULL,0),
(129,36,'https://gulimall-renchao.oss-cn-hangzhou.aliyuncs.com/2022-08-01/19840154-c8c8-4c6f-8dca-1d730682d930_2.jpg',NULL,1),
(130,36,'https://gulimall-renchao.oss-cn-hangzhou.aliyuncs.com/2022-08-01/2315a402-3240-4ea2-822f-d64eb1febc12_3.jpg',NULL,0),
(131,36,'https://gulimall-renchao.oss-cn-hangzhou.aliyuncs.com/2022-08-01/e79ed1a8-3dc1-4b1e-8088-dcb4c7c3b0ff_4.jpg',NULL,0),
(132,36,'https://gulimall-renchao.oss-cn-hangzhou.aliyuncs.com/2022-08-01/1d300167-8093-4782-80b1-09e633a1cbdb_5.jpg',NULL,0),
(133,37,'https://gulimall-renchao.oss-cn-hangzhou.aliyuncs.com/2022-08-01/0b3049aa-2adf-4b50-85d6-ec6831456d79_1.jpg',NULL,1),
(134,37,'https://gulimall-renchao.oss-cn-hangzhou.aliyuncs.com/2022-08-01/bc1a405c-4189-40fd-8a18-6059167be3d1_2.jpg',NULL,0),
(135,37,'https://gulimall-renchao.oss-cn-hangzhou.aliyuncs.com/2022-08-01/71dc5157-e766-4760-8828-2c9c0405dd11_3.jpg',NULL,0),
(136,37,'https://gulimall-renchao.oss-cn-hangzhou.aliyuncs.com/2022-08-01/a6ef0f19-f4be-4b3f-88e6-49be9b5a89e9_4.jpg',NULL,0),
(137,37,'https://gulimall-renchao.oss-cn-hangzhou.aliyuncs.com/2022-08-01/1d8ae550-e83e-49cc-87fa-ae265e1b46d6_5.jpg',NULL,0),
(138,38,'https://gulimall-renchao.oss-cn-hangzhou.aliyuncs.com/2022-08-01/0b3049aa-2adf-4b50-85d6-ec6831456d79_1.jpg',NULL,0),
(139,38,'https://gulimall-renchao.oss-cn-hangzhou.aliyuncs.com/2022-08-01/bc1a405c-4189-40fd-8a18-6059167be3d1_2.jpg',NULL,1),
(140,38,'https://gulimall-renchao.oss-cn-hangzhou.aliyuncs.com/2022-08-01/71dc5157-e766-4760-8828-2c9c0405dd11_3.jpg',NULL,0),
(141,38,'https://gulimall-renchao.oss-cn-hangzhou.aliyuncs.com/2022-08-01/a6ef0f19-f4be-4b3f-88e6-49be9b5a89e9_4.jpg',NULL,0),
(142,38,'https://gulimall-renchao.oss-cn-hangzhou.aliyuncs.com/2022-08-01/1d8ae550-e83e-49cc-87fa-ae265e1b46d6_5.jpg',NULL,0),
(143,39,'https://gulimall-renchao.oss-cn-hangzhou.aliyuncs.com/2022-08-01/0b3049aa-2adf-4b50-85d6-ec6831456d79_1.jpg',NULL,0),
(144,39,'https://gulimall-renchao.oss-cn-hangzhou.aliyuncs.com/2022-08-01/bc1a405c-4189-40fd-8a18-6059167be3d1_2.jpg',NULL,0),
(145,39,'https://gulimall-renchao.oss-cn-hangzhou.aliyuncs.com/2022-08-01/71dc5157-e766-4760-8828-2c9c0405dd11_3.jpg',NULL,0),
(146,39,'https://gulimall-renchao.oss-cn-hangzhou.aliyuncs.com/2022-08-01/a6ef0f19-f4be-4b3f-88e6-49be9b5a89e9_4.jpg',NULL,0),
(147,39,'https://gulimall-renchao.oss-cn-hangzhou.aliyuncs.com/2022-08-01/1d8ae550-e83e-49cc-87fa-ae265e1b46d6_5.jpg',NULL,1),
(148,40,'https://gulimall-renchao.oss-cn-hangzhou.aliyuncs.com/2022-08-01/0b3049aa-2adf-4b50-85d6-ec6831456d79_1.jpg',NULL,0),
(149,40,'https://gulimall-renchao.oss-cn-hangzhou.aliyuncs.com/2022-08-01/bc1a405c-4189-40fd-8a18-6059167be3d1_2.jpg',NULL,0),
(150,40,'https://gulimall-renchao.oss-cn-hangzhou.aliyuncs.com/2022-08-01/71dc5157-e766-4760-8828-2c9c0405dd11_3.jpg',NULL,0),
(151,40,'https://gulimall-renchao.oss-cn-hangzhou.aliyuncs.com/2022-08-01/a6ef0f19-f4be-4b3f-88e6-49be9b5a89e9_4.jpg',NULL,1),
(152,40,'https://gulimall-renchao.oss-cn-hangzhou.aliyuncs.com/2022-08-01/1d8ae550-e83e-49cc-87fa-ae265e1b46d6_5.jpg',NULL,0),
(153,41,'https://gulimall-renchao.oss-cn-hangzhou.aliyuncs.com/2022-08-01/0b3049aa-2adf-4b50-85d6-ec6831456d79_1.jpg',NULL,0),
(154,41,'https://gulimall-renchao.oss-cn-hangzhou.aliyuncs.com/2022-08-01/bc1a405c-4189-40fd-8a18-6059167be3d1_2.jpg',NULL,1),
(155,41,'https://gulimall-renchao.oss-cn-hangzhou.aliyuncs.com/2022-08-01/71dc5157-e766-4760-8828-2c9c0405dd11_3.jpg',NULL,0),
(156,41,'https://gulimall-renchao.oss-cn-hangzhou.aliyuncs.com/2022-08-01/a6ef0f19-f4be-4b3f-88e6-49be9b5a89e9_4.jpg',NULL,0),
(157,41,'https://gulimall-renchao.oss-cn-hangzhou.aliyuncs.com/2022-08-01/1d8ae550-e83e-49cc-87fa-ae265e1b46d6_5.jpg',NULL,0),
(158,42,'https://gulimall-renchao.oss-cn-hangzhou.aliyuncs.com/2022-08-01/0b3049aa-2adf-4b50-85d6-ec6831456d79_1.jpg',NULL,1),
(159,42,'https://gulimall-renchao.oss-cn-hangzhou.aliyuncs.com/2022-08-01/bc1a405c-4189-40fd-8a18-6059167be3d1_2.jpg',NULL,0),
(160,42,'https://gulimall-renchao.oss-cn-hangzhou.aliyuncs.com/2022-08-01/71dc5157-e766-4760-8828-2c9c0405dd11_3.jpg',NULL,0),
(161,42,'https://gulimall-renchao.oss-cn-hangzhou.aliyuncs.com/2022-08-01/a6ef0f19-f4be-4b3f-88e6-49be9b5a89e9_4.jpg',NULL,0),
(162,42,'https://gulimall-renchao.oss-cn-hangzhou.aliyuncs.com/2022-08-01/1d8ae550-e83e-49cc-87fa-ae265e1b46d6_5.jpg',NULL,0),
(163,43,'https://gulimall-renchao.oss-cn-hangzhou.aliyuncs.com/2022-11-05/d1891d6b-b75d-4f38-8d43-d2de20c07500_博卡诺 卡其2.jpg',NULL,1),
(164,44,'https://gulimall-renchao.oss-cn-hangzhou.aliyuncs.com/2022-11-05/ad5c30ab-32e9-4433-8fec-7cbb1b884522_博卡诺 卡其1.jpg',NULL,1),
(165,45,'https://gulimall-renchao.oss-cn-hangzhou.aliyuncs.com/2022-11-05/3579f053-372d-482a-8afb-8433c8a1e158_博卡诺 银灰2.jpg',NULL,1),
(166,47,'https://gulimall-renchao.oss-cn-hangzhou.aliyuncs.com/2022-11-05/9dacb56a-da60-4b0e-8171-482e46daa585_豹纹1.jpg',NULL,0),
(167,47,'https://gulimall-renchao.oss-cn-hangzhou.aliyuncs.com/2022-11-05/38cdebc7-4029-4639-85bc-271c82063a12_繁星1.jpg',NULL,1),
(168,48,'https://gulimall-renchao.oss-cn-hangzhou.aliyuncs.com/2022-11-05/9dacb56a-da60-4b0e-8171-482e46daa585_豹纹1.jpg',NULL,0),
(169,48,'https://gulimall-renchao.oss-cn-hangzhou.aliyuncs.com/2022-11-05/75c743d6-558f-44b0-8a01-4797cd407946_布朗尼1.jpg',NULL,0),
(170,48,'https://gulimall-renchao.oss-cn-hangzhou.aliyuncs.com/2022-11-05/38cdebc7-4029-4639-85bc-271c82063a12_繁星1.jpg',NULL,1),
(171,49,'https://gulimall-renchao.oss-cn-hangzhou.aliyuncs.com/2022-11-05/75c743d6-558f-44b0-8a01-4797cd407946_布朗尼1.jpg',NULL,1),
(172,50,'https://gulimall-renchao.oss-cn-hangzhou.aliyuncs.com/2022-11-05/75c743d6-558f-44b0-8a01-4797cd407946_布朗尼1.jpg',NULL,1),
(173,51,'https://gulimall-renchao.oss-cn-hangzhou.aliyuncs.com/2022-11-05/9dacb56a-da60-4b0e-8171-482e46daa585_豹纹1.jpg',NULL,1),
(174,52,'https://gulimall-renchao.oss-cn-hangzhou.aliyuncs.com/2022-11-05/9dacb56a-da60-4b0e-8171-482e46daa585_豹纹1.jpg',NULL,1),
(175,46,'https://gulimall-renchao.oss-cn-hangzhou.aliyuncs.com/2022-11-05/3579f053-372d-482a-8afb-8433c8a1e158_博卡诺 银灰2.jpg',NULL,1),
(176,53,'https://gulimall-renchao.oss-cn-hangzhou.aliyuncs.com/2022-11-06/ac086417-38b5-4b8b-8e91-f9e3314ac4ef_皎玉粉1.jpg',NULL,1),
(177,54,'https://gulimall-renchao.oss-cn-hangzhou.aliyuncs.com/2022-11-06/943580d3-1ce0-4ad0-81da-9b30a6b0df41_皎玉粉2.jpg',NULL,1),
(178,55,'https://gulimall-renchao.oss-cn-hangzhou.aliyuncs.com/2022-11-06/66ccc0cc-1976-43b3-8292-10aa0a4342e4_兰波青1.jpg',NULL,1),
(179,56,'https://gulimall-renchao.oss-cn-hangzhou.aliyuncs.com/2022-11-06/88e50812-8fdf-4c63-8db4-069212bc1a8c_兰波青4.jpg',NULL,1),
(180,57,'https://gulimall-renchao.oss-cn-hangzhou.aliyuncs.com/2022-11-06/05e4428c-8cb8-475e-8d9b-538f6b22760c_莫蓝迪2.jpg',NULL,1),
(181,58,'https://gulimall-renchao.oss-cn-hangzhou.aliyuncs.com/2022-11-06/11dbbb63-60eb-4680-882e-cdbed23203ef_莫蓝迪4.jpg',NULL,1),
(182,59,'https://gulimall-renchao.oss-cn-hangzhou.aliyuncs.com/2022-11-06/dad6f8cd-7b06-4943-8755-46894c6dd499_珠暮白1.jpg',NULL,1),
(183,60,'https://gulimall-renchao.oss-cn-hangzhou.aliyuncs.com/2022-11-06/4cb0d3da-5149-474c-8347-eb6a0ebec5ac_珠暮白3.jpg',NULL,1),
(184,61,'https://gulimall-renchao.oss-cn-hangzhou.aliyuncs.com/2022-11-06/ea09c855-cb18-4855-8c40-afb1fbd523e3_烟沉灰1.jpg',NULL,1),
(185,62,'https://gulimall-renchao.oss-cn-hangzhou.aliyuncs.com/2022-11-06/611e85b4-32e6-4c5f-8902-19a1a460bbfb_烟沉灰4.jpg',NULL,1),
(186,63,'https://gulimall-renchao.oss-cn-hangzhou.aliyuncs.com/2022-11-07/62357296-8d31-4f32-8d3a-7cacf86b5d78_白色1.jpg',NULL,1),
(187,63,'https://gulimall-renchao.oss-cn-hangzhou.aliyuncs.com/2022-11-07/22e14380-e88e-47af-81b1-a1f641885f35_白色3.jpg',NULL,0),
(188,64,'https://gulimall-renchao.oss-cn-hangzhou.aliyuncs.com/2022-11-07/62357296-8d31-4f32-8d3a-7cacf86b5d78_白色1.jpg',NULL,0),
(189,64,'https://gulimall-renchao.oss-cn-hangzhou.aliyuncs.com/2022-11-07/22e14380-e88e-47af-81b1-a1f641885f35_白色3.jpg',NULL,1),
(190,65,'https://gulimall-renchao.oss-cn-hangzhou.aliyuncs.com/2022-11-07/11c71b54-6465-48de-8d47-6269b3eb5627_粉色1.jpg',NULL,1),
(191,65,'https://gulimall-renchao.oss-cn-hangzhou.aliyuncs.com/2022-11-07/6c17e89d-b650-4748-8533-04275251f37f_粉色3.jpg',NULL,0),
(192,66,'https://gulimall-renchao.oss-cn-hangzhou.aliyuncs.com/2022-11-07/11c71b54-6465-48de-8d47-6269b3eb5627_粉色1.jpg',NULL,0),
(193,66,'https://gulimall-renchao.oss-cn-hangzhou.aliyuncs.com/2022-11-07/6c17e89d-b650-4748-8533-04275251f37f_粉色3.jpg',NULL,1),
(194,67,'https://gulimall-renchao.oss-cn-hangzhou.aliyuncs.com/2022-11-07/440fc64f-258c-4ec4-8d76-9736b04ffb0f_红色1.jpg',NULL,1),
(195,67,'https://gulimall-renchao.oss-cn-hangzhou.aliyuncs.com/2022-11-07/c8ef7695-eeac-4f14-8ca7-187d1b9f82ae_红色5.jpg',NULL,0),
(196,68,'https://gulimall-renchao.oss-cn-hangzhou.aliyuncs.com/2022-11-07/440fc64f-258c-4ec4-8d76-9736b04ffb0f_红色1.jpg',NULL,0),
(197,68,'https://gulimall-renchao.oss-cn-hangzhou.aliyuncs.com/2022-11-07/c8ef7695-eeac-4f14-8ca7-187d1b9f82ae_红色5.jpg',NULL,1),
(198,69,'https://gulimall-renchao.oss-cn-hangzhou.aliyuncs.com/2022-11-07/f4bcaf14-e40f-4b11-8d4d-8087f6fcc458_黄色1.jpg',NULL,1),
(199,69,'https://gulimall-renchao.oss-cn-hangzhou.aliyuncs.com/2022-11-07/8befce57-fb4f-4832-83bd-b8ef6e7c19a8_黄色3.jpg',NULL,0),
(200,70,'https://gulimall-renchao.oss-cn-hangzhou.aliyuncs.com/2022-11-07/f4bcaf14-e40f-4b11-8d4d-8087f6fcc458_黄色1.jpg',NULL,0),
(201,70,'https://gulimall-renchao.oss-cn-hangzhou.aliyuncs.com/2022-11-07/8befce57-fb4f-4832-83bd-b8ef6e7c19a8_黄色3.jpg',NULL,1),
(202,71,'https://gulimall-renchao.oss-cn-hangzhou.aliyuncs.com/2022-11-07/6dec875b-4cdf-4114-8612-504fcb89903d_草绿方格1.jpg',NULL,1),
(203,72,'https://gulimall-renchao.oss-cn-hangzhou.aliyuncs.com/2022-11-07/2a433623-8e94-45cc-8630-02d0a290e114_粉色1.jpg',NULL,1),
(204,73,'https://gulimall-renchao.oss-cn-hangzhou.aliyuncs.com/2022-11-07/26d5a4aa-72e5-4023-8759-f029c51a7d6e_橘红方格1.jpg',NULL,1),
(205,74,'https://gulimall-renchao.oss-cn-hangzhou.aliyuncs.com/2022-11-07/00572fd1-eb75-43e6-8cc9-a5cf284403d0_咖啡方格1.jpg',NULL,1),
(206,75,'https://gulimall-renchao.oss-cn-hangzhou.aliyuncs.com/2022-11-07/f10457bf-e6f6-47bd-8014-76b67bd863de_普蓝方格1.jpg',NULL,1),
(207,76,'https://gulimall-renchao.oss-cn-hangzhou.aliyuncs.com/2022-11-07/24ea7fec-71e8-4517-888a-c8aa2c0f2271_灰色3.jpg',NULL,1),
(208,77,'https://gulimall-renchao.oss-cn-hangzhou.aliyuncs.com/2022-11-07/0f92166a-b5d6-408c-8fd0-f04763c3690c_灰色1.jpg',NULL,1),
(209,78,'https://gulimall-renchao.oss-cn-hangzhou.aliyuncs.com/2022-11-07/7859ade5-0a19-4b24-8099-d99a10429a91_粉色4.jpg',NULL,1),
(210,79,'https://gulimall-renchao.oss-cn-hangzhou.aliyuncs.com/2022-11-07/287bee8c-9870-49fd-857d-0499fa5490ef_粉色1.jpg',NULL,1),
(211,80,'https://gulimall-renchao.oss-cn-hangzhou.aliyuncs.com/2022-11-07/2d1ce275-20ff-4437-8d7c-5b1b5551a871_白色4.jpg',NULL,1),
(212,81,'https://gulimall-renchao.oss-cn-hangzhou.aliyuncs.com/2022-11-07/f62f07b3-43ad-4930-8b61-343e791c6042_白色1.jpg',NULL,1),
(213,82,'https://gulimall-renchao.oss-cn-hangzhou.aliyuncs.com/2022-11-07/c7a708a1-a9d2-41cb-83ea-041ed3ec1417_小雏菊-柠檬黄1.jpg',NULL,1),
(214,82,'https://gulimall-renchao.oss-cn-hangzhou.aliyuncs.com/2022-11-07/b95e64f5-a2fd-4cac-89c0-b795fa1faafb_小雏菊-柠檬黄2.jpg',NULL,0),
(215,83,'https://gulimall-renchao.oss-cn-hangzhou.aliyuncs.com/2022-11-07/c7a708a1-a9d2-41cb-83ea-041ed3ec1417_小雏菊-柠檬黄1.jpg',NULL,0),
(216,83,'https://gulimall-renchao.oss-cn-hangzhou.aliyuncs.com/2022-11-07/b95e64f5-a2fd-4cac-89c0-b795fa1faafb_小雏菊-柠檬黄2.jpg',NULL,1),
(217,84,'https://gulimall-renchao.oss-cn-hangzhou.aliyuncs.com/2022-11-07/e5799e2c-c1f2-459e-89e3-c9921f8c2eb4_小雏菊-奶白橘1.jpg',NULL,1),
(218,84,'https://gulimall-renchao.oss-cn-hangzhou.aliyuncs.com/2022-11-07/bac6c814-e2e6-4579-84e5-991f84d6d88c_小雏菊-奶白橘4.jpg',NULL,0),
(219,85,'https://gulimall-renchao.oss-cn-hangzhou.aliyuncs.com/2022-11-07/e5799e2c-c1f2-459e-89e3-c9921f8c2eb4_小雏菊-奶白橘1.jpg',NULL,0),
(220,85,'https://gulimall-renchao.oss-cn-hangzhou.aliyuncs.com/2022-11-07/bac6c814-e2e6-4579-84e5-991f84d6d88c_小雏菊-奶白橘4.jpg',NULL,1),
(221,86,'https://gulimall-renchao.oss-cn-hangzhou.aliyuncs.com/2022-11-07/bfe831d8-842b-4e60-8a2b-356cd12f8c66_小雏菊-流光粉1.jpg',NULL,1),
(222,86,'https://gulimall-renchao.oss-cn-hangzhou.aliyuncs.com/2022-11-07/68de4859-fa7b-4ef7-8ec2-e5618aacca36_小雏菊-流光粉4.jpg',NULL,0),
(223,87,'https://gulimall-renchao.oss-cn-hangzhou.aliyuncs.com/2022-11-07/bfe831d8-842b-4e60-8a2b-356cd12f8c66_小雏菊-流光粉1.jpg',NULL,0),
(224,87,'https://gulimall-renchao.oss-cn-hangzhou.aliyuncs.com/2022-11-07/68de4859-fa7b-4ef7-8ec2-e5618aacca36_小雏菊-流光粉4.jpg',NULL,1),
(225,88,'https://gulimall-renchao.oss-cn-hangzhou.aliyuncs.com/2022-11-07/e8447a62-67fa-4d9c-82d3-5d0b4ae38fbf_赫拉 芥末黄1.jpg',NULL,1),
(226,88,'https://gulimall-renchao.oss-cn-hangzhou.aliyuncs.com/2022-11-07/6415adc7-6140-4828-8396-50300703ff54_赫拉 芥末黄4.jpg',NULL,0),
(227,89,'https://gulimall-renchao.oss-cn-hangzhou.aliyuncs.com/2022-11-07/e8447a62-67fa-4d9c-82d3-5d0b4ae38fbf_赫拉 芥末黄1.jpg',NULL,0),
(228,89,'https://gulimall-renchao.oss-cn-hangzhou.aliyuncs.com/2022-11-07/6415adc7-6140-4828-8396-50300703ff54_赫拉 芥末黄4.jpg',NULL,1),
(229,90,'https://gulimall-renchao.oss-cn-hangzhou.aliyuncs.com/2022-11-07/24121048-8434-42a3-8735-cd33d7a92765_赫拉 焦糖黄1.jpg',NULL,1),
(230,90,'https://gulimall-renchao.oss-cn-hangzhou.aliyuncs.com/2022-11-07/91569fdf-af35-433a-8eb6-76ad336f52f1_赫拉 焦糖黄2.jpg',NULL,0),
(231,91,'https://gulimall-renchao.oss-cn-hangzhou.aliyuncs.com/2022-11-07/24121048-8434-42a3-8735-cd33d7a92765_赫拉 焦糖黄1.jpg',NULL,0),
(232,91,'https://gulimall-renchao.oss-cn-hangzhou.aliyuncs.com/2022-11-07/91569fdf-af35-433a-8eb6-76ad336f52f1_赫拉 焦糖黄2.jpg',NULL,1),
(233,92,'https://gulimall-renchao.oss-cn-hangzhou.aliyuncs.com/2022-11-07/3273eee4-d95a-4934-8002-09a2aa7a24b2_赫拉 灰蓝1.jpg',NULL,1),
(234,92,'https://gulimall-renchao.oss-cn-hangzhou.aliyuncs.com/2022-11-07/0ab629c9-dcb7-4c7f-8708-9977f932874a_赫拉 灰蓝2.jpg',NULL,0),
(235,93,'https://gulimall-renchao.oss-cn-hangzhou.aliyuncs.com/2022-11-07/3273eee4-d95a-4934-8002-09a2aa7a24b2_赫拉 灰蓝1.jpg',NULL,0),
(236,93,'https://gulimall-renchao.oss-cn-hangzhou.aliyuncs.com/2022-11-07/0ab629c9-dcb7-4c7f-8708-9977f932874a_赫拉 灰蓝2.jpg',NULL,1),
(237,94,'https://gulimall-renchao.oss-cn-hangzhou.aliyuncs.com/2022-11-07/003f1b3b-c3cf-4cf6-820c-b80330bb92d2_赫拉 茶绿1.jpg',NULL,1),
(238,94,'https://gulimall-renchao.oss-cn-hangzhou.aliyuncs.com/2022-11-07/d4090cea-f077-406e-8b32-ef492ed27ef6_赫拉 茶绿2.jpg',NULL,0),
(239,95,'https://gulimall-renchao.oss-cn-hangzhou.aliyuncs.com/2022-11-07/003f1b3b-c3cf-4cf6-820c-b80330bb92d2_赫拉 茶绿1.jpg',NULL,0),
(240,95,'https://gulimall-renchao.oss-cn-hangzhou.aliyuncs.com/2022-11-07/d4090cea-f077-406e-8b32-ef492ed27ef6_赫拉 茶绿2.jpg',NULL,1),
(241,96,'https://gulimall-renchao.oss-cn-hangzhou.aliyuncs.com/2022-11-07/26473665-88c8-4c4e-83cc-231c35d3c629_低枕（填充800克）1.jpg',NULL,1),
(242,97,'https://gulimall-renchao.oss-cn-hangzhou.aliyuncs.com/2022-11-07/7005ffa9-6ae5-4ebb-8f56-ef1e0e955669_低枕（填充800克）3.jpg',NULL,1),
(243,98,'https://gulimall-renchao.oss-cn-hangzhou.aliyuncs.com/2022-11-07/d5f88f4b-14f0-4a66-8e40-6f12d00ded14_低枕（填充800克）5.jpg',NULL,1),
(244,99,'https://gulimall-renchao.oss-cn-hangzhou.aliyuncs.com/2022-11-07/78bda8fe-b604-4e35-8acf-61d465512cc3_8S护颈羽丝枕 1.jpg',NULL,1),
(245,100,'https://gulimall-renchao.oss-cn-hangzhou.aliyuncs.com/2022-11-07/0903292b-346d-4b25-890c-10f4cb8a0a59_爱丽斯（裙边款）1.jpg',NULL,1),
(246,100,'https://gulimall-renchao.oss-cn-hangzhou.aliyuncs.com/2022-11-07/35d6fb82-3e6d-4010-85d0-53ec32193566_爱丽斯（裙边款）3.jpg',NULL,0),
(247,100,'https://gulimall-renchao.oss-cn-hangzhou.aliyuncs.com/2022-11-07/2818c27a-4e3a-4062-879d-011db2746bd9_爱丽斯（裙边款）5.jpg',NULL,0),
(248,101,'https://gulimall-renchao.oss-cn-hangzhou.aliyuncs.com/2022-11-07/0903292b-346d-4b25-890c-10f4cb8a0a59_爱丽斯（裙边款）1.jpg',NULL,0),
(249,101,'https://gulimall-renchao.oss-cn-hangzhou.aliyuncs.com/2022-11-07/35d6fb82-3e6d-4010-85d0-53ec32193566_爱丽斯（裙边款）3.jpg',NULL,1),
(250,101,'https://gulimall-renchao.oss-cn-hangzhou.aliyuncs.com/2022-11-07/2818c27a-4e3a-4062-879d-011db2746bd9_爱丽斯（裙边款）5.jpg',NULL,0),
(251,102,'https://gulimall-renchao.oss-cn-hangzhou.aliyuncs.com/2022-11-07/6e7cfc79-5f89-4293-8b9a-5e52e3dc6b11_宝石蓝1.jpg',NULL,1),
(252,102,'https://gulimall-renchao.oss-cn-hangzhou.aliyuncs.com/2022-11-07/a3a2e57c-d5c6-4c05-875e-570b530d3f7d_宝石蓝2.jpg',NULL,0),
(253,102,'https://gulimall-renchao.oss-cn-hangzhou.aliyuncs.com/2022-11-07/dc5e7eb6-9012-4878-8907-994da625829f_宝石蓝3.jpg',NULL,0),
(254,103,'https://gulimall-renchao.oss-cn-hangzhou.aliyuncs.com/2022-11-07/6e7cfc79-5f89-4293-8b9a-5e52e3dc6b11_宝石蓝1.jpg',NULL,0),
(255,103,'https://gulimall-renchao.oss-cn-hangzhou.aliyuncs.com/2022-11-07/a3a2e57c-d5c6-4c05-875e-570b530d3f7d_宝石蓝2.jpg',NULL,0),
(256,103,'https://gulimall-renchao.oss-cn-hangzhou.aliyuncs.com/2022-11-07/dc5e7eb6-9012-4878-8907-994da625829f_宝石蓝3.jpg',NULL,1),
(257,104,'https://gulimall-renchao.oss-cn-hangzhou.aliyuncs.com/2022-11-07/f3048386-73f4-4bf1-830f-e0a4ff7f0b98_朵朵花开（高精密）2.jpg',NULL,1),
(258,104,'https://gulimall-renchao.oss-cn-hangzhou.aliyuncs.com/2022-11-07/83678988-ba7a-415d-8f67-1e5fffd1d61d_朵朵花开（高精密）3.jpg',NULL,0),
(259,104,'https://gulimall-renchao.oss-cn-hangzhou.aliyuncs.com/2022-11-07/d358183e-8b82-4269-8b57-241aeb73d404_朵朵花开（高精密）1.jpg',NULL,0),
(260,105,'https://gulimall-renchao.oss-cn-hangzhou.aliyuncs.com/2022-11-07/f3048386-73f4-4bf1-830f-e0a4ff7f0b98_朵朵花开（高精密）2.jpg',NULL,0),
(261,105,'https://gulimall-renchao.oss-cn-hangzhou.aliyuncs.com/2022-11-07/83678988-ba7a-415d-8f67-1e5fffd1d61d_朵朵花开（高精密）3.jpg',NULL,1),
(262,105,'https://gulimall-renchao.oss-cn-hangzhou.aliyuncs.com/2022-11-07/d358183e-8b82-4269-8b57-241aeb73d404_朵朵花开（高精密）1.jpg',NULL,0),
(263,106,'https://gulimall-renchao.oss-cn-hangzhou.aliyuncs.com/2022-11-07/b0490ec3-1acf-4e32-8f42-5e54af5439a5_翡翠绿-裙边2.jpg',NULL,1),
(264,106,'https://gulimall-renchao.oss-cn-hangzhou.aliyuncs.com/2022-11-07/e5f40fc6-1534-4ebc-8ce4-4dcfcacda784_翡翠绿-裙边3.jpg',NULL,0),
(265,106,'https://gulimall-renchao.oss-cn-hangzhou.aliyuncs.com/2022-11-07/4a7980d8-4ea2-44f5-8db2-549102c98292_翡翠绿-裙边4.jpg',NULL,0),
(266,107,'https://gulimall-renchao.oss-cn-hangzhou.aliyuncs.com/2022-11-07/b0490ec3-1acf-4e32-8f42-5e54af5439a5_翡翠绿-裙边2.jpg',NULL,0),
(267,107,'https://gulimall-renchao.oss-cn-hangzhou.aliyuncs.com/2022-11-07/e5f40fc6-1534-4ebc-8ce4-4dcfcacda784_翡翠绿-裙边3.jpg',NULL,1),
(268,107,'https://gulimall-renchao.oss-cn-hangzhou.aliyuncs.com/2022-11-07/4a7980d8-4ea2-44f5-8db2-549102c98292_翡翠绿-裙边4.jpg',NULL,0),
(269,108,'https://gulimall-renchao.oss-cn-hangzhou.aliyuncs.com/2022-11-07/c4d22e8f-5e7b-4e2c-8bef-1fc3ffce4f27_童话屋粉3.jpg',NULL,1),
(270,108,'https://gulimall-renchao.oss-cn-hangzhou.aliyuncs.com/2022-11-07/efa6d376-5dff-4f3a-807d-d1bf23e814d9_童话屋粉5.jpg',NULL,0),
(271,109,'https://gulimall-renchao.oss-cn-hangzhou.aliyuncs.com/2022-11-07/c4d22e8f-5e7b-4e2c-8bef-1fc3ffce4f27_童话屋粉3.jpg',NULL,0),
(272,109,'https://gulimall-renchao.oss-cn-hangzhou.aliyuncs.com/2022-11-07/efa6d376-5dff-4f3a-807d-d1bf23e814d9_童话屋粉5.jpg',NULL,1),
(273,110,'https://gulimall-renchao.oss-cn-hangzhou.aliyuncs.com/2022-11-07/f70ab26d-0ccc-4c64-8f62-b002b0b360a7_童话屋灰1.jpg',NULL,1),
(274,110,'https://gulimall-renchao.oss-cn-hangzhou.aliyuncs.com/2022-11-07/5e10a978-d710-4a98-8808-f74af834be14_童话屋灰2.jpg',NULL,0),
(275,111,'https://gulimall-renchao.oss-cn-hangzhou.aliyuncs.com/2022-11-07/f70ab26d-0ccc-4c64-8f62-b002b0b360a7_童话屋灰1.jpg',NULL,0),
(276,111,'https://gulimall-renchao.oss-cn-hangzhou.aliyuncs.com/2022-11-07/5e10a978-d710-4a98-8808-f74af834be14_童话屋灰2.jpg',NULL,1),
(277,112,'https://gulimall-renchao.oss-cn-hangzhou.aliyuncs.com/2022-11-07/afdd439f-822d-4987-8532-51726b5e680d_童话屋蓝1.jpg',NULL,1),
(278,112,'https://gulimall-renchao.oss-cn-hangzhou.aliyuncs.com/2022-11-07/335a8bdf-490c-4f4d-86a3-2a2517d847a3_童话屋蓝2.jpg',NULL,0),
(279,113,'https://gulimall-renchao.oss-cn-hangzhou.aliyuncs.com/2022-11-07/afdd439f-822d-4987-8532-51726b5e680d_童话屋蓝1.jpg',NULL,0),
(280,113,'https://gulimall-renchao.oss-cn-hangzhou.aliyuncs.com/2022-11-07/335a8bdf-490c-4f4d-86a3-2a2517d847a3_童话屋蓝2.jpg',NULL,1),
(281,114,'https://gulimall-renchao.oss-cn-hangzhou.aliyuncs.com/2022-11-07/859c94ff-f206-4370-8007-0fec66198942_童话屋绿1.jpg',NULL,1),
(282,114,'https://gulimall-renchao.oss-cn-hangzhou.aliyuncs.com/2022-11-07/cfe19ad5-b10f-4fbf-8152-3bcc733d9856_童话屋绿2.jpg',NULL,0),
(283,115,'https://gulimall-renchao.oss-cn-hangzhou.aliyuncs.com/2022-11-07/859c94ff-f206-4370-8007-0fec66198942_童话屋绿1.jpg',NULL,0),
(284,115,'https://gulimall-renchao.oss-cn-hangzhou.aliyuncs.com/2022-11-07/cfe19ad5-b10f-4fbf-8152-3bcc733d9856_童话屋绿2.jpg',NULL,1),
(285,116,'https://gulimall-renchao.oss-cn-hangzhou.aliyuncs.com/2022-11-07/8087984d-a3ae-4aab-8116-6efd373a9a3d_童话屋米1.jpg',NULL,1),
(286,116,'https://gulimall-renchao.oss-cn-hangzhou.aliyuncs.com/2022-11-07/c6463468-71b7-4c56-8292-d6edd6e09fef_童话屋米3.jpg',NULL,0),
(287,117,'https://gulimall-renchao.oss-cn-hangzhou.aliyuncs.com/2022-11-07/8087984d-a3ae-4aab-8116-6efd373a9a3d_童话屋米1.jpg',NULL,0),
(288,117,'https://gulimall-renchao.oss-cn-hangzhou.aliyuncs.com/2022-11-07/c6463468-71b7-4c56-8292-d6edd6e09fef_童话屋米3.jpg',NULL,1);

/*Table structure for table `pms_sku_info` */

DROP TABLE IF EXISTS `pms_sku_info`;

CREATE TABLE `pms_sku_info` (
  `sku_id` bigint NOT NULL AUTO_INCREMENT COMMENT 'skuId',
  `spu_id` bigint DEFAULT NULL COMMENT 'spuId',
  `sku_name` varchar(255) DEFAULT NULL COMMENT 'sku名称',
  `sku_desc` varchar(2000) DEFAULT NULL COMMENT 'sku介绍描述',
  `catalog_id` bigint DEFAULT NULL COMMENT '所属分类id',
  `brand_id` bigint DEFAULT NULL COMMENT '品牌id',
  `sku_default_img` varchar(255) DEFAULT NULL COMMENT '默认图片',
  `sku_title` varchar(255) DEFAULT NULL COMMENT '标题',
  `sku_subtitle` varchar(2000) DEFAULT NULL COMMENT '副标题',
  `price` decimal(18,4) DEFAULT NULL COMMENT '价格',
  `sale_count` bigint DEFAULT NULL COMMENT '销量',
  PRIMARY KEY (`sku_id`)
) ENGINE=InnoDB AUTO_INCREMENT=118 DEFAULT CHARSET=utf8mb4 COLLATE=utf8mb4_0900_ai_ci COMMENT='sku信息';

/*Data for the table `pms_sku_info` */

insert  into `pms_sku_info`(`sku_id`,`spu_id`,`sku_name`,`sku_desc`,`catalog_id`,`brand_id`,`sku_default_img`,`sku_title`,`sku_subtitle`,`price`,`sale_count`) values 
(8,12,'Redmi 10A 5000mAh大电量 1300万AI相机 八核处理器 指纹解锁 手机 白色 8GB+128GB',NULL,225,2,'https://gulimall-renchao.oss-cn-hangzhou.aliyuncs.com/2022-07-23//d44891ae-b552-497e-8892-b7d3218c82ed_0d40c24b264aa511.jpg','Redmi 10A 5000mAh大电量 1300万AI相机 八核处理器 指纹解锁 白色 8GB+128GB 智能手机 小米 红米','【品质好物】天玑810，5000mAh大电池【Note11TPro火热抢购中】',1399.0000,NULL),
(9,12,'Redmi 10A 5000mAh大电量 1300万AI相机 八核处理器 指纹解锁 手机 白色 6GB+128GB',NULL,225,2,'https://gulimall-renchao.oss-cn-hangzhou.aliyuncs.com/2022-07-23//3baf69c9-ae6f-4474-835f-2ae42e17f85c_8bf441260bffa42f.jpg','Redmi 10A 5000mAh大电量 1300万AI相机 八核处理器 指纹解锁 白色 6GB+128GB 智能手机 小米 红米','【品质好物】天玑810，5000mAh大电池【Note11TPro火热抢购中】',1199.0000,NULL),
(10,12,'Redmi 10A 5000mAh大电量 1300万AI相机 八核处理器 指纹解锁 手机 黑色 8GB+128GB',NULL,225,2,'https://gulimall-renchao.oss-cn-hangzhou.aliyuncs.com/2022-07-23//a9ebb909-fd2e-48c9-83d0-70231b30cbeb_a2c208410ae84d1f.jpg','Redmi 10A 5000mAh大电量 1300万AI相机 八核处理器 指纹解锁 黑色 8GB+128GB 智能手机 小米 红米','【品质好物】天玑810，5000mAh大电池【Note11TPro火热抢购中】',1399.0000,NULL),
(11,12,'Redmi 10A 5000mAh大电量 1300万AI相机 八核处理器 指纹解锁 手机 黑色 6GB+128GB',NULL,225,2,'https://gulimall-renchao.oss-cn-hangzhou.aliyuncs.com/2022-07-23//e8bf30fe-8122-4d7a-8a3c-ed9630ed3676_23cd65077f12f7f5.jpg','Redmi 10A 5000mAh大电量 1300万AI相机 八核处理器 指纹解锁 黑色 6GB+128GB 智能手机 小米 红米','【品质好物】天玑810，5000mAh大电池【Note11TPro火热抢购中】',1199.0000,NULL),
(24,16,'【Redmi照片里hello】 10A 5000mAh大电量 1300万AI相机 八核处理器 指纹解锁 手机 白色 8GB+128GB',NULL,225,2,'https://gulimall-renchao.oss-cn-hangzhou.aliyuncs.com/2022-07-23//d44891ae-b552-497e-8892-b7d3218c82ed_0d40c24b264aa511.jpg','【Redmi照片里hello】 10A 5000mAh大电量 1300万AI相机 八核处理器 指纹解锁 白色 8GB+128GB 智能手机 小米 红米','【品质好物】天玑810，5000mAh大电池【Note11TPro火热抢购中】',1399.0000,NULL),
(25,16,'【Redmi照片里hello】 10A 5000mAh大电量 1300万AI相机 八核处理器 指纹解锁 手机 白色 6GB+128GB',NULL,225,2,'https://gulimall-renchao.oss-cn-hangzhou.aliyuncs.com/2022-07-23//3baf69c9-ae6f-4474-835f-2ae42e17f85c_8bf441260bffa42f.jpg','【Redmi照片里hello】 10A 5000mAh大电量 1300万AI相机 八核处理器 指纹解锁 白色 6GB+128GB 智能手机 小米 红米','【品质好物】天玑810，5000mAh大电池【Note11TPro火热抢购中】',1199.0000,NULL),
(26,16,'【Redmi照片里hello】 10A 5000mAh大电量 1300万AI相机 八核处理器 指纹解锁 手机 黑色 8GB+128GB',NULL,225,2,'https://gulimall-renchao.oss-cn-hangzhou.aliyuncs.com/2022-07-23//a9ebb909-fd2e-48c9-83d0-70231b30cbeb_a2c208410ae84d1f.jpg','【Redmi照片里hello】 10A 5000mAh大电量 1300万AI相机 八核处理器 指纹解锁 黑色 8GB+128GB 智能手机 小米 红米','【品质好物】天玑810，5000mAh大电池【Note11TPro火热抢购中】',1399.0000,NULL),
(27,16,'【Redmi照片里hello】 10A 5000mAh大电量 1300万AI相机 八核处理器 指纹解锁 手机 黑色 6GB+128GB',NULL,225,2,'https://gulimall-renchao.oss-cn-hangzhou.aliyuncs.com/2022-07-23//e8bf30fe-8122-4d7a-8a3c-ed9630ed3676_23cd65077f12f7f5.jpg','【Redmi照片里hello】 10A 5000mAh大电量 1300万AI相机 八核处理器 指纹解锁 黑色 6GB+128GB 智能手机 小米 红米','【品质好物】天玑810，5000mAh大电池【Note11TPro火热抢购中】',1199.0000,NULL),
(28,17,'Apple iPhone 13 白色 128G 高档手机',NULL,225,1,'https://gulimall-renchao.oss-cn-hangzhou.aliyuncs.com/2022-08-01/622c0c27-d3a7-4de8-8bb8-a3bd8479ed4f_1.jpg','Apple iPhone 13 白色 128G支持移动联通电信5G 双卡双待手机【快充套装】','【至美七夕，心动献礼】部分iPhone13限时优惠领券立减至高600元，更多iPhone信息！！！',6148.0000,NULL),
(29,17,'Apple iPhone 13 白色 256G 高档手机',NULL,225,1,'https://gulimall-renchao.oss-cn-hangzhou.aliyuncs.com/2022-08-01/19840154-c8c8-4c6f-8dca-1d730682d930_2.jpg','Apple iPhone 13 白色 256G支持移动联通电信5G 双卡双待手机【快充套装】','【至美七夕，心动献礼】部分iPhone13限时优惠领券立减至高600元，更多iPhone信息！！！',6948.0000,NULL),
(30,17,'Apple iPhone 13 白色 512G 高档手机',NULL,225,1,'https://gulimall-renchao.oss-cn-hangzhou.aliyuncs.com/2022-08-01/2315a402-3240-4ea2-822f-d64eb1febc12_3.jpg','Apple iPhone 13 白色 512G支持移动联通电信5G 双卡双待手机【快充套装】','【至美七夕，心动献礼】部分iPhone13限时优惠领券立减至高600元，更多iPhone信息！！！',7598.0000,NULL),
(31,17,'Apple iPhone 13 黑色 128G 高档手机',NULL,225,1,'https://gulimall-renchao.oss-cn-hangzhou.aliyuncs.com/2022-08-01/622c0c27-d3a7-4de8-8bb8-a3bd8479ed4f_1.jpg','Apple iPhone 13 黑色 128G支持移动联通电信5G 双卡双待手机【快充套装】','【至美七夕，心动献礼】部分iPhone13限时优惠领券立减至高600元，更多iPhone信息！！！',6148.0000,NULL),
(32,17,'Apple iPhone 13 黑色 256G 高档手机',NULL,225,1,'https://gulimall-renchao.oss-cn-hangzhou.aliyuncs.com/2022-08-01/622c0c27-d3a7-4de8-8bb8-a3bd8479ed4f_1.jpg','Apple iPhone 13 黑色 256G支持移动联通电信5G 双卡双待手机【快充套装】','【至美七夕，心动献礼】部分iPhone13限时优惠领券立减至高600元，更多iPhone信息！！！',6948.0000,NULL),
(33,17,'Apple iPhone 13 黑色 512G 高档手机',NULL,225,1,'https://gulimall-renchao.oss-cn-hangzhou.aliyuncs.com/2022-08-01/1d300167-8093-4782-80b1-09e633a1cbdb_5.jpg','Apple iPhone 13 黑色 512G支持移动联通电信5G 双卡双待手机【快充套装】','【至美七夕，心动献礼】部分iPhone13限时优惠领券立减至高600元，更多iPhone信息！！！',7598.0000,NULL),
(34,17,'Apple iPhone 13 蓝色 128G 高档手机',NULL,225,1,'https://gulimall-renchao.oss-cn-hangzhou.aliyuncs.com/2022-08-01/622c0c27-d3a7-4de8-8bb8-a3bd8479ed4f_1.jpg','Apple iPhone 13 蓝色 128G支持移动联通电信5G 双卡双待手机【快充套装】','【至美七夕，心动献礼】部分iPhone13限时优惠领券立减至高600元，更多iPhone信息！！！',6148.0000,NULL),
(35,17,'Apple iPhone 13 蓝色 256G 高档手机',NULL,225,1,'https://gulimall-renchao.oss-cn-hangzhou.aliyuncs.com/2022-08-01/19840154-c8c8-4c6f-8dca-1d730682d930_2.jpg','Apple iPhone 13 蓝色 256G支持移动联通电信5G 双卡双待手机【快充套装】','【至美七夕，心动献礼】部分iPhone13限时优惠领券立减至高600元，更多iPhone信息！！！',6948.0000,NULL),
(36,17,'Apple iPhone 13 蓝色 512G 高档手机',NULL,225,1,'https://gulimall-renchao.oss-cn-hangzhou.aliyuncs.com/2022-08-01/19840154-c8c8-4c6f-8dca-1d730682d930_2.jpg','Apple iPhone 13 蓝色 512G支持移动联通电信5G 双卡双待手机【快充套装】','【至美七夕，心动献礼】部分iPhone13限时优惠领券立减至高600元，更多iPhone信息！！！',7598.0000,NULL),
(37,18,'HUAWEI nova 10 【内置66W华为超级快充】 前置6000万超广角镜头 6.88mm轻薄机身 手机 普罗旺斯 128G',NULL,225,3,'https://gulimall-renchao.oss-cn-hangzhou.aliyuncs.com/2022-08-01/0b3049aa-2adf-4b50-85d6-ec6831456d79_1.jpg','HUAWEI nova 10 【内置66W华为超级快充】 前置6000万超广角镜头 6.88mm轻薄机身 普罗旺斯 128G华为手机','前置6000万超广角镜头|66W华为超级快充|6.88mm轻薄机身|华为|nova10;华为手机新品上市',2969.0000,NULL),
(38,18,'HUAWEI nova 10 【内置66W华为超级快充】 前置6000万超广角镜头 6.88mm轻薄机身 手机 普罗旺斯 256G',NULL,225,3,'https://gulimall-renchao.oss-cn-hangzhou.aliyuncs.com/2022-08-01/bc1a405c-4189-40fd-8a18-6059167be3d1_2.jpg','HUAWEI nova 10 【内置66W华为超级快充】 前置6000万超广角镜头 6.88mm轻薄机身 普罗旺斯 256G华为手机','前置6000万超广角镜头|66W华为超级快充|6.88mm轻薄机身|华为|nova10;华为手机新品上市',3269.0000,NULL),
(39,18,'HUAWEI nova 10 【内置66W华为超级快充】 前置6000万超广角镜头 6.88mm轻薄机身 手机 绮境森林 128G',NULL,225,3,'https://gulimall-renchao.oss-cn-hangzhou.aliyuncs.com/2022-08-01/1d8ae550-e83e-49cc-87fa-ae265e1b46d6_5.jpg','HUAWEI nova 10 【内置66W华为超级快充】 前置6000万超广角镜头 6.88mm轻薄机身 绮境森林 128G华为手机','前置6000万超广角镜头|66W华为超级快充|6.88mm轻薄机身|华为|nova10;华为手机新品上市',2969.0000,NULL),
(40,18,'HUAWEI nova 10 【内置66W华为超级快充】 前置6000万超广角镜头 6.88mm轻薄机身 手机 绮境森林 256G',NULL,225,3,'https://gulimall-renchao.oss-cn-hangzhou.aliyuncs.com/2022-08-01/a6ef0f19-f4be-4b3f-88e6-49be9b5a89e9_4.jpg','HUAWEI nova 10 【内置66W华为超级快充】 前置6000万超广角镜头 6.88mm轻薄机身 绮境森林 256G华为手机','前置6000万超广角镜头|66W华为超级快充|6.88mm轻薄机身|华为|nova10;华为手机新品上市',3269.0000,NULL),
(41,18,'HUAWEI nova 10 【内置66W华为超级快充】 前置6000万超广角镜头 6.88mm轻薄机身 手机 曜金黑 128G',NULL,225,3,'https://gulimall-renchao.oss-cn-hangzhou.aliyuncs.com/2022-08-01/bc1a405c-4189-40fd-8a18-6059167be3d1_2.jpg','HUAWEI nova 10 【内置66W华为超级快充】 前置6000万超广角镜头 6.88mm轻薄机身 曜金黑 128G华为手机','前置6000万超广角镜头|66W华为超级快充|6.88mm轻薄机身|华为|nova10;华为手机新品上市',2969.0000,NULL),
(42,18,'HUAWEI nova 10 【内置66W华为超级快充】 前置6000万超广角镜头 6.88mm轻薄机身 手机 曜金黑 256G',NULL,225,3,'https://gulimall-renchao.oss-cn-hangzhou.aliyuncs.com/2022-08-01/0b3049aa-2adf-4b50-85d6-ec6831456d79_1.jpg','HUAWEI nova 10 【内置66W华为超级快充】 前置6000万超广角镜头 6.88mm轻薄机身 曜金黑 256G华为手机','前置6000万超广角镜头|66W华为超级快充|6.88mm轻薄机身|华为|nova10;华为手机新品上市',3269.0000,NULL),
(43,20,'140支博卡诺四件套 亲肤舒适全棉套件 卡其 200x230cm',NULL,400,12,'https://gulimall-renchao.oss-cn-hangzhou.aliyuncs.com/2022-11-05/d1891d6b-b75d-4f38-8d43-d2de20c07500_博卡诺 卡其2.jpg','140支博卡诺四件套 亲肤舒适全棉套件 卡其 200x230cm','140支博卡诺四件套 亲肤舒适全棉套件',999.0000,NULL),
(44,20,'140支博卡诺四件套 亲肤舒适全棉套件 卡其 220x240cm',NULL,400,12,'https://gulimall-renchao.oss-cn-hangzhou.aliyuncs.com/2022-11-05/ad5c30ab-32e9-4433-8fec-7cbb1b884522_博卡诺 卡其1.jpg','140支博卡诺四件套 亲肤舒适全棉套件 卡其 220x240cm','140支博卡诺四件套 亲肤舒适全棉套件',1299.0000,NULL),
(45,20,'140支博卡诺四件套 亲肤舒适全棉套件 银灰色 200x230cm',NULL,400,12,'https://gulimall-renchao.oss-cn-hangzhou.aliyuncs.com/2022-11-05/3579f053-372d-482a-8afb-8433c8a1e158_博卡诺 银灰2.jpg','140支博卡诺四件套 亲肤舒适全棉套件 银灰色 200x230cm','140支博卡诺四件套 亲肤舒适全棉套件',999.0000,NULL),
(46,20,'140支博卡诺四件套 亲肤舒适全棉套件 银灰色 220x240cm',NULL,400,12,'https://gulimall-renchao.oss-cn-hangzhou.aliyuncs.com/2022-11-05/3579f053-372d-482a-8afb-8433c8a1e158_博卡诺 银灰2.jpg','140支博卡诺四件套 亲肤舒适全棉套件 银灰色 220x240cm','140支博卡诺四件套 亲肤舒适全棉套件',1299.0000,NULL),
(47,22,'2021新款100支澳棉数码印花系列四件套第三波 亲肤澳棉四件套全棉套件 繁星 200x230cm',NULL,400,15,'https://gulimall-renchao.oss-cn-hangzhou.aliyuncs.com/2022-11-05/38cdebc7-4029-4639-85bc-271c82063a12_繁星1.jpg','2021新款100支澳棉数码印花系列四件套第三波 亲肤澳棉四件套全棉套件 繁星 200x230cm','2021新款100支澳棉数码印花系列四件套第三波 亲肤澳棉四件套全棉套件 繁星 200x230cm',599.0000,NULL),
(48,22,'2021新款100支澳棉数码印花系列四件套第三波 亲肤澳棉四件套全棉套件 繁星 220x240cm',NULL,400,15,'https://gulimall-renchao.oss-cn-hangzhou.aliyuncs.com/2022-11-05/38cdebc7-4029-4639-85bc-271c82063a12_繁星1.jpg','2021新款100支澳棉数码印花系列四件套第三波 亲肤澳棉四件套全棉套件 繁星 220x240cm','2021新款100支澳棉数码印花系列四件套第三波 亲肤澳棉四件套全棉套件 繁星 200x230cm',699.0000,NULL),
(49,22,'2021新款100支澳棉数码印花系列四件套第三波 亲肤澳棉四件套全棉套件 布朗尼 200x230cm',NULL,400,15,'https://gulimall-renchao.oss-cn-hangzhou.aliyuncs.com/2022-11-05/75c743d6-558f-44b0-8a01-4797cd407946_布朗尼1.jpg','2021新款100支澳棉数码印花系列四件套第三波 亲肤澳棉四件套全棉套件 布朗尼 200x230cm','2021新款100支澳棉数码印花系列四件套第三波 亲肤澳棉四件套全棉套件 繁星 200x230cm',599.0000,NULL),
(50,22,'2021新款100支澳棉数码印花系列四件套第三波 亲肤澳棉四件套全棉套件 布朗尼 220x240cm',NULL,400,15,'https://gulimall-renchao.oss-cn-hangzhou.aliyuncs.com/2022-11-05/75c743d6-558f-44b0-8a01-4797cd407946_布朗尼1.jpg','2021新款100支澳棉数码印花系列四件套第三波 亲肤澳棉四件套全棉套件 布朗尼 220x240cm','2021新款100支澳棉数码印花系列四件套第三波 亲肤澳棉四件套全棉套件 繁星 200x230cm',699.0000,NULL),
(51,22,'2021新款100支澳棉数码印花系列四件套第三波 亲肤澳棉四件套全棉套件 豹纹 200x230cm',NULL,400,15,'https://gulimall-renchao.oss-cn-hangzhou.aliyuncs.com/2022-11-05/9dacb56a-da60-4b0e-8171-482e46daa585_豹纹1.jpg','2021新款100支澳棉数码印花系列四件套第三波 亲肤澳棉四件套全棉套件 豹纹 200x230cm','2021新款100支澳棉数码印花系列四件套第三波 亲肤澳棉四件套全棉套件 繁星 200x230cm',599.0000,NULL),
(52,22,'2021新款100支澳棉数码印花系列四件套第三波 亲肤澳棉四件套全棉套件 豹纹 220x240cm',NULL,400,15,'https://gulimall-renchao.oss-cn-hangzhou.aliyuncs.com/2022-11-05/9dacb56a-da60-4b0e-8171-482e46daa585_豹纹1.jpg','2021新款100支澳棉数码印花系列四件套第三波 亲肤澳棉四件套全棉套件 豹纹 220x240cm','2021新款100支澳棉数码印花系列四件套第三波 亲肤澳棉四件套全棉套件 繁星 200x230cm',699.0000,NULL),
(53,24,'A类针织棉暖豆豆大豆被 亲肤透气柔软舒适 冬被 被子 皎玉粉 200x230cm',NULL,401,13,'https://gulimall-renchao.oss-cn-hangzhou.aliyuncs.com/2022-11-06/ac086417-38b5-4b8b-8e91-f9e3314ac4ef_皎玉粉1.jpg','A类针织棉暖豆豆大豆被 亲肤透气柔软舒适 冬被 被子 皎玉粉 200x230cm','3D暖豆豆 享受惬意睡眠',299.0000,NULL),
(54,24,'A类针织棉暖豆豆大豆被 亲肤透气柔软舒适 冬被 被子 皎玉粉 220x240cm',NULL,401,13,'https://gulimall-renchao.oss-cn-hangzhou.aliyuncs.com/2022-11-06/943580d3-1ce0-4ad0-81da-9b30a6b0df41_皎玉粉2.jpg','A类针织棉暖豆豆大豆被 亲肤透气柔软舒适 冬被 被子 皎玉粉 220x240cm','3D暖豆豆 享受惬意睡眠',389.0000,NULL),
(55,24,'A类针织棉暖豆豆大豆被 亲肤透气柔软舒适 冬被 被子 兰波青 200x230cm',NULL,401,13,'https://gulimall-renchao.oss-cn-hangzhou.aliyuncs.com/2022-11-06/66ccc0cc-1976-43b3-8292-10aa0a4342e4_兰波青1.jpg','A类针织棉暖豆豆大豆被 亲肤透气柔软舒适 冬被 被子 兰波青 200x230cm','3D暖豆豆 享受惬意睡眠',299.0000,NULL),
(56,24,'A类针织棉暖豆豆大豆被 亲肤透气柔软舒适 冬被 被子 兰波青 220x240cm',NULL,401,13,'https://gulimall-renchao.oss-cn-hangzhou.aliyuncs.com/2022-11-06/88e50812-8fdf-4c63-8db4-069212bc1a8c_兰波青4.jpg','A类针织棉暖豆豆大豆被 亲肤透气柔软舒适 冬被 被子 兰波青 220x240cm','3D暖豆豆 享受惬意睡眠',389.0000,NULL),
(57,24,'A类针织棉暖豆豆大豆被 亲肤透气柔软舒适 冬被 被子 莫蓝迪 200x230cm',NULL,401,13,'https://gulimall-renchao.oss-cn-hangzhou.aliyuncs.com/2022-11-06/05e4428c-8cb8-475e-8d9b-538f6b22760c_莫蓝迪2.jpg','A类针织棉暖豆豆大豆被 亲肤透气柔软舒适 冬被 被子 莫蓝迪 200x230cm','3D暖豆豆 享受惬意睡眠',299.0000,NULL),
(58,24,'A类针织棉暖豆豆大豆被 亲肤透气柔软舒适 冬被 被子 莫蓝迪 220x240cm',NULL,401,13,'https://gulimall-renchao.oss-cn-hangzhou.aliyuncs.com/2022-11-06/11dbbb63-60eb-4680-882e-cdbed23203ef_莫蓝迪4.jpg','A类针织棉暖豆豆大豆被 亲肤透气柔软舒适 冬被 被子 莫蓝迪 220x240cm','3D暖豆豆 享受惬意睡眠',389.0000,NULL),
(59,24,'A类针织棉暖豆豆大豆被 亲肤透气柔软舒适 冬被 被子 珠暮白 200x230cm',NULL,401,13,'https://gulimall-renchao.oss-cn-hangzhou.aliyuncs.com/2022-11-06/dad6f8cd-7b06-4943-8755-46894c6dd499_珠暮白1.jpg','A类针织棉暖豆豆大豆被 亲肤透气柔软舒适 冬被 被子 珠暮白 200x230cm','3D暖豆豆 享受惬意睡眠',299.0000,NULL),
(60,24,'A类针织棉暖豆豆大豆被 亲肤透气柔软舒适 冬被 被子 珠暮白 220x240cm',NULL,401,13,'https://gulimall-renchao.oss-cn-hangzhou.aliyuncs.com/2022-11-06/4cb0d3da-5149-474c-8347-eb6a0ebec5ac_珠暮白3.jpg','A类针织棉暖豆豆大豆被 亲肤透气柔软舒适 冬被 被子 珠暮白 220x240cm','3D暖豆豆 享受惬意睡眠',389.0000,NULL),
(61,24,'A类针织棉暖豆豆大豆被 亲肤透气柔软舒适 冬被 被子 烟沉灰 200x230cm',NULL,401,13,'https://gulimall-renchao.oss-cn-hangzhou.aliyuncs.com/2022-11-06/ea09c855-cb18-4855-8c40-afb1fbd523e3_烟沉灰1.jpg','A类针织棉暖豆豆大豆被 亲肤透气柔软舒适 冬被 被子 烟沉灰 200x230cm','3D暖豆豆 享受惬意睡眠',299.0000,NULL),
(62,24,'A类针织棉暖豆豆大豆被 亲肤透气柔软舒适 冬被 被子 烟沉灰 220x240cm',NULL,401,13,'https://gulimall-renchao.oss-cn-hangzhou.aliyuncs.com/2022-11-06/611e85b4-32e6-4c5f-8902-19a1a460bbfb_烟沉灰4.jpg','A类针织棉暖豆豆大豆被 亲肤透气柔软舒适 冬被 被子 烟沉灰 220x240cm','3D暖豆豆 享受惬意睡眠',389.0000,NULL),
(63,25,'80支全棉大提花羽绒被 白鹅绒被子被芯春秋被加厚冬被 白色 200x230cm',NULL,401,12,'https://gulimall-renchao.oss-cn-hangzhou.aliyuncs.com/2022-11-07/62357296-8d31-4f32-8d3a-7cacf86b5d78_白色1.jpg','80支全棉大提花羽绒被 白鹅绒被子被芯春秋被加厚冬被 白色 200x230cm','呵护您的健康睡眠',899.0000,NULL),
(64,25,'80支全棉大提花羽绒被 白鹅绒被子被芯春秋被加厚冬被 白色 220x240cm',NULL,401,12,'https://gulimall-renchao.oss-cn-hangzhou.aliyuncs.com/2022-11-07/22e14380-e88e-47af-81b1-a1f641885f35_白色3.jpg','80支全棉大提花羽绒被 白鹅绒被子被芯春秋被加厚冬被 白色 220x240cm','呵护您的健康睡眠',999.0000,NULL),
(65,25,'80支全棉大提花羽绒被 白鹅绒被子被芯春秋被加厚冬被 粉色 200x230cm',NULL,401,12,'https://gulimall-renchao.oss-cn-hangzhou.aliyuncs.com/2022-11-07/11c71b54-6465-48de-8d47-6269b3eb5627_粉色1.jpg','80支全棉大提花羽绒被 白鹅绒被子被芯春秋被加厚冬被 粉色 200x230cm','呵护您的健康睡眠',899.0000,NULL),
(66,25,'80支全棉大提花羽绒被 白鹅绒被子被芯春秋被加厚冬被 粉色 220x240cm',NULL,401,12,'https://gulimall-renchao.oss-cn-hangzhou.aliyuncs.com/2022-11-07/6c17e89d-b650-4748-8533-04275251f37f_粉色3.jpg','80支全棉大提花羽绒被 白鹅绒被子被芯春秋被加厚冬被 粉色 220x240cm','呵护您的健康睡眠',999.0000,NULL),
(67,25,'80支全棉大提花羽绒被 白鹅绒被子被芯春秋被加厚冬被 红色 200x230cm',NULL,401,12,'https://gulimall-renchao.oss-cn-hangzhou.aliyuncs.com/2022-11-07/440fc64f-258c-4ec4-8d76-9736b04ffb0f_红色1.jpg','80支全棉大提花羽绒被 白鹅绒被子被芯春秋被加厚冬被 红色 200x230cm','呵护您的健康睡眠',899.0000,NULL),
(68,25,'80支全棉大提花羽绒被 白鹅绒被子被芯春秋被加厚冬被 红色 220x240cm',NULL,401,12,'https://gulimall-renchao.oss-cn-hangzhou.aliyuncs.com/2022-11-07/c8ef7695-eeac-4f14-8ca7-187d1b9f82ae_红色5.jpg','80支全棉大提花羽绒被 白鹅绒被子被芯春秋被加厚冬被 红色 220x240cm','呵护您的健康睡眠',999.0000,NULL),
(69,25,'80支全棉大提花羽绒被 白鹅绒被子被芯春秋被加厚冬被 黄色 200x230cm',NULL,401,12,'https://gulimall-renchao.oss-cn-hangzhou.aliyuncs.com/2022-11-07/f4bcaf14-e40f-4b11-8d4d-8087f6fcc458_黄色1.jpg','80支全棉大提花羽绒被 白鹅绒被子被芯春秋被加厚冬被 黄色 200x230cm','呵护您的健康睡眠',899.0000,NULL),
(70,25,'80支全棉大提花羽绒被 白鹅绒被子被芯春秋被加厚冬被 黄色 220x240cm',NULL,401,12,'https://gulimall-renchao.oss-cn-hangzhou.aliyuncs.com/2022-11-07/8befce57-fb4f-4832-83bd-b8ef6e7c19a8_黄色3.jpg','80支全棉大提花羽绒被 白鹅绒被子被芯春秋被加厚冬被 黄色 220x240cm','呵护您的健康睡眠',999.0000,NULL),
(71,26,'新品畅销水洗棉羽绒被子白鸭绒被鹅绒被芯冬被 草绿方格 200x230cm',NULL,401,15,'https://gulimall-renchao.oss-cn-hangzhou.aliyuncs.com/2022-11-07/6dec875b-4cdf-4114-8612-504fcb89903d_草绿方格1.jpg','新品畅销水洗棉羽绒被白鸭绒被鹅绒被芯冬被 草绿方格 200x230cm','呵护您的健康睡眠',699.0000,NULL),
(72,26,'新品畅销水洗棉羽绒被白鸭绒被鹅绒被芯冬被子 粉色 200x230cm',NULL,401,15,'https://gulimall-renchao.oss-cn-hangzhou.aliyuncs.com/2022-11-07/2a433623-8e94-45cc-8630-02d0a290e114_粉色1.jpg','新品畅销水洗棉羽绒被白鸭绒被鹅绒被芯冬被 粉色 200x230cm','呵护您的健康睡眠',699.0000,NULL),
(73,26,'新品畅销水洗棉羽绒被子白鸭绒被鹅绒被芯冬被 橘红方格 200x230cm',NULL,401,15,'https://gulimall-renchao.oss-cn-hangzhou.aliyuncs.com/2022-11-07/26d5a4aa-72e5-4023-8759-f029c51a7d6e_橘红方格1.jpg','新品畅销水洗棉羽绒被白鸭绒被鹅绒被芯冬被 橘红方格 200x230cm','呵护您的健康睡眠',699.0000,NULL),
(74,26,'新品畅销水洗棉羽绒被白鸭绒被鹅绒被芯冬被子 咖啡方格 200x230cm',NULL,401,15,'https://gulimall-renchao.oss-cn-hangzhou.aliyuncs.com/2022-11-07/00572fd1-eb75-43e6-8cc9-a5cf284403d0_咖啡方格1.jpg','新品畅销水洗棉羽绒被白鸭绒被鹅绒被芯冬被 咖啡方格 200x230cm','呵护您的健康睡眠',699.0000,NULL),
(75,26,'新品畅销水洗棉羽绒被白鸭绒被鹅绒被芯冬被子 普蓝方格 200x230cm',NULL,401,15,'https://gulimall-renchao.oss-cn-hangzhou.aliyuncs.com/2022-11-07/f10457bf-e6f6-47bd-8014-76b67bd863de_普蓝方格1.jpg','新品畅销水洗棉羽绒被白鸭绒被鹅绒被芯冬被 普蓝方格 200x230cm','呵护您的健康睡眠',699.0000,NULL),
(76,27,'2022新款莫代尔贡缎提花桑蚕丝夏被春秋被冬被被子被芯 灰色 200x230cm',NULL,401,14,'https://gulimall-renchao.oss-cn-hangzhou.aliyuncs.com/2022-11-07/24ea7fec-71e8-4517-888a-c8aa2c0f2271_灰色3.jpg','2022新款莫代尔贡缎提花桑蚕丝夏被春秋被冬被被子被芯 灰色 200x230cm','轻盈舒适 四季通用',799.0000,NULL),
(77,27,'2022新款莫代尔贡缎提花桑蚕丝夏被春秋被冬被被子被芯 灰色 220x240cm',NULL,401,14,'https://gulimall-renchao.oss-cn-hangzhou.aliyuncs.com/2022-11-07/0f92166a-b5d6-408c-8fd0-f04763c3690c_灰色1.jpg','2022新款莫代尔贡缎提花桑蚕丝夏被春秋被冬被被子被芯 灰色 220x240cm','轻盈舒适 四季通用',899.0000,NULL),
(78,27,'2022新款莫代尔贡缎提花桑蚕丝夏被春秋被冬被被子被芯 粉色 200x230cm',NULL,401,14,'https://gulimall-renchao.oss-cn-hangzhou.aliyuncs.com/2022-11-07/7859ade5-0a19-4b24-8099-d99a10429a91_粉色4.jpg','2022新款莫代尔贡缎提花桑蚕丝夏被春秋被冬被被子被芯 粉色 200x230cm','轻盈舒适 四季通用',799.0000,NULL),
(79,27,'2022新款莫代尔贡缎提花桑蚕丝夏被春秋被冬被被子被芯 粉色 220x240cm',NULL,401,14,'https://gulimall-renchao.oss-cn-hangzhou.aliyuncs.com/2022-11-07/287bee8c-9870-49fd-857d-0499fa5490ef_粉色1.jpg','2022新款莫代尔贡缎提花桑蚕丝夏被春秋被冬被被子被芯 粉色 220x240cm','轻盈舒适 四季通用',899.0000,NULL),
(80,27,'2022新款莫代尔贡缎提花桑蚕丝夏被春秋被冬被被子被芯 白色 200x230cm',NULL,401,14,'https://gulimall-renchao.oss-cn-hangzhou.aliyuncs.com/2022-11-07/2d1ce275-20ff-4437-8d7c-5b1b5551a871_白色4.jpg','2022新款莫代尔贡缎提花桑蚕丝夏被春秋被冬被被子被芯 白色 200x230cm','轻盈舒适 四季通用',799.0000,NULL),
(81,27,'2022新款莫代尔贡缎提花桑蚕丝夏被春秋被冬被被子被芯 白色 220x240cm',NULL,401,14,'https://gulimall-renchao.oss-cn-hangzhou.aliyuncs.com/2022-11-07/f62f07b3-43ad-4930-8b61-343e791c6042_白色1.jpg','2022新款莫代尔贡缎提花桑蚕丝夏被春秋被冬被被子被芯 白色 220x240cm','轻盈舒适 四季通用',899.0000,NULL),
(82,28,'全棉100支磨毛四件套 高档经典纯棉磨毛高精密绣花套件 柠檬黄 200x230cm',NULL,400,13,'https://gulimall-renchao.oss-cn-hangzhou.aliyuncs.com/2022-11-07/c7a708a1-a9d2-41cb-83ea-041ed3ec1417_小雏菊-柠檬黄1.jpg','全棉100支磨毛四件套 高档经典纯棉磨毛高精密绣花套件 柠檬黄 200x230cm','高档磨毛绣花四件套',788.0000,NULL),
(83,28,'全棉100支磨毛四件套 高档经典纯棉磨毛高精密绣花套件 柠檬黄 220x240cm',NULL,400,13,'https://gulimall-renchao.oss-cn-hangzhou.aliyuncs.com/2022-11-07/b95e64f5-a2fd-4cac-89c0-b795fa1faafb_小雏菊-柠檬黄2.jpg','全棉100支磨毛四件套 高档经典纯棉磨毛高精密绣花套件 柠檬黄 220x240cm','高档磨毛绣花四件套',888.0000,NULL),
(84,28,'全棉100支磨毛四件套 高档经典纯棉磨毛高精密绣花套件 奶白橘 200x230cm',NULL,400,13,'https://gulimall-renchao.oss-cn-hangzhou.aliyuncs.com/2022-11-07/e5799e2c-c1f2-459e-89e3-c9921f8c2eb4_小雏菊-奶白橘1.jpg','全棉100支磨毛四件套 高档经典纯棉磨毛高精密绣花套件 奶白橘 200x230cm','高档磨毛绣花四件套',788.0000,NULL),
(85,28,'全棉100支磨毛四件套 高档经典纯棉磨毛高精密绣花套件 奶白橘 220x240cm',NULL,400,13,'https://gulimall-renchao.oss-cn-hangzhou.aliyuncs.com/2022-11-07/bac6c814-e2e6-4579-84e5-991f84d6d88c_小雏菊-奶白橘4.jpg','全棉100支磨毛四件套 高档经典纯棉磨毛高精密绣花套件 奶白橘 220x240cm','高档磨毛绣花四件套',888.0000,NULL),
(86,28,'全棉100支磨毛四件套 高档经典纯棉磨毛高精密绣花套件 流光粉 200x230cm',NULL,400,13,'https://gulimall-renchao.oss-cn-hangzhou.aliyuncs.com/2022-11-07/bfe831d8-842b-4e60-8a2b-356cd12f8c66_小雏菊-流光粉1.jpg','全棉100支磨毛四件套 高档经典纯棉磨毛高精密绣花套件 流光粉 200x230cm','高档磨毛绣花四件套',788.0000,NULL),
(87,28,'全棉100支磨毛四件套 高档经典纯棉磨毛高精密绣花套件 流光粉 220x240cm',NULL,400,13,'https://gulimall-renchao.oss-cn-hangzhou.aliyuncs.com/2022-11-07/68de4859-fa7b-4ef7-8ec2-e5618aacca36_小雏菊-流光粉4.jpg','全棉100支磨毛四件套 高档经典纯棉磨毛高精密绣花套件 流光粉 220x240cm','高档磨毛绣花四件套',888.0000,NULL),
(88,29,'新款60s兰精LF天丝四件套系列--赫拉 芥末黄 200x230cm',NULL,400,14,'https://gulimall-renchao.oss-cn-hangzhou.aliyuncs.com/2022-11-07/e8447a62-67fa-4d9c-82d3-5d0b4ae38fbf_赫拉 芥末黄1.jpg','新款60s兰精LF天丝四件套系列--赫拉 芥末黄 200x230cm','极致丝滑 健康舒适',999.0000,NULL),
(89,29,'新款60s兰精LF天丝四件套系列--赫拉 芥末黄 220x240cm',NULL,400,14,'https://gulimall-renchao.oss-cn-hangzhou.aliyuncs.com/2022-11-07/6415adc7-6140-4828-8396-50300703ff54_赫拉 芥末黄4.jpg','新款60s兰精LF天丝四件套系列--赫拉 芥末黄 220x240cm','极致丝滑 健康舒适',1199.0000,NULL),
(90,29,'新款60s兰精LF天丝四件套系列--赫拉 焦糖黄 200x230cm',NULL,400,14,'https://gulimall-renchao.oss-cn-hangzhou.aliyuncs.com/2022-11-07/24121048-8434-42a3-8735-cd33d7a92765_赫拉 焦糖黄1.jpg','新款60s兰精LF天丝四件套系列--赫拉 焦糖黄 200x230cm','极致丝滑 健康舒适',999.0000,NULL),
(91,29,'新款60s兰精LF天丝四件套系列--赫拉 焦糖黄 220x240cm',NULL,400,14,'https://gulimall-renchao.oss-cn-hangzhou.aliyuncs.com/2022-11-07/91569fdf-af35-433a-8eb6-76ad336f52f1_赫拉 焦糖黄2.jpg','新款60s兰精LF天丝四件套系列--赫拉 焦糖黄 220x240cm','极致丝滑 健康舒适',1199.0000,NULL),
(92,29,'新款60s兰精LF天丝四件套系列--赫拉 灰蓝 200x230cm',NULL,400,14,'https://gulimall-renchao.oss-cn-hangzhou.aliyuncs.com/2022-11-07/3273eee4-d95a-4934-8002-09a2aa7a24b2_赫拉 灰蓝1.jpg','新款60s兰精LF天丝四件套系列--赫拉 灰蓝 200x230cm','极致丝滑 健康舒适',999.0000,NULL),
(93,29,'新款60s兰精LF天丝四件套系列--赫拉 灰蓝 220x240cm',NULL,400,14,'https://gulimall-renchao.oss-cn-hangzhou.aliyuncs.com/2022-11-07/0ab629c9-dcb7-4c7f-8708-9977f932874a_赫拉 灰蓝2.jpg','新款60s兰精LF天丝四件套系列--赫拉 灰蓝 220x240cm','极致丝滑 健康舒适',1199.0000,NULL),
(94,29,'新款60s兰精LF天丝四件套系列--赫拉 茶绿 200x230cm',NULL,400,14,'https://gulimall-renchao.oss-cn-hangzhou.aliyuncs.com/2022-11-07/003f1b3b-c3cf-4cf6-820c-b80330bb92d2_赫拉 茶绿1.jpg','新款60s兰精LF天丝四件套系列--赫拉 茶绿 200x230cm','极致丝滑 健康舒适',999.0000,NULL),
(95,29,'新款60s兰精LF天丝四件套系列--赫拉 茶绿 220x240cm',NULL,400,14,'https://gulimall-renchao.oss-cn-hangzhou.aliyuncs.com/2022-11-07/d4090cea-f077-406e-8b32-ef492ed27ef6_赫拉 茶绿2.jpg','新款60s兰精LF天丝四件套系列--赫拉 茶绿 220x240cm','极致丝滑 健康舒适',1199.0000,NULL),
(96,30,'希尔顿嘉悦纤维枕头枕芯48*74cm-中枕 中枕',NULL,402,13,'https://gulimall-renchao.oss-cn-hangzhou.aliyuncs.com/2022-11-07/26473665-88c8-4c4e-83cc-231c35d3c629_低枕（填充800克）1.jpg','希尔顿嘉悦纤维枕头枕芯48*74cm-中枕 中枕','希尔顿嘉悦纤维枕头枕芯48*74cm',119.0000,NULL),
(97,30,'希尔顿嘉悦纤维枕头枕芯48*74cm-中枕 低枕',NULL,402,13,'https://gulimall-renchao.oss-cn-hangzhou.aliyuncs.com/2022-11-07/7005ffa9-6ae5-4ebb-8f56-ef1e0e955669_低枕（填充800克）3.jpg','希尔顿嘉悦纤维枕头枕芯48*74cm-中枕 低枕','希尔顿嘉悦纤维枕头枕芯48*74cm',119.0000,NULL),
(98,30,'希尔顿嘉悦纤维枕头枕芯48*74cm-中枕 高枕',NULL,402,13,'https://gulimall-renchao.oss-cn-hangzhou.aliyuncs.com/2022-11-07/d5f88f4b-14f0-4a66-8e40-6f12d00ded14_低枕（填充800克）5.jpg','希尔顿嘉悦纤维枕头枕芯48*74cm-中枕 高枕','希尔顿嘉悦纤维枕头枕芯48*74cm',119.0000,NULL),
(99,31,'8S护颈羽丝枕枕头枕芯48*74cm-8S护颈羽丝枕 48x74cm',NULL,402,14,'https://gulimall-renchao.oss-cn-hangzhou.aliyuncs.com/2022-11-07/78bda8fe-b604-4e35-8acf-61d465512cc3_8S护颈羽丝枕 1.jpg','8S护颈羽丝枕枕头枕芯48*74cm-8S护颈羽丝枕 48x74cm','8S护颈羽丝枕枕头枕芯48*74cm-8S护颈羽丝枕 48x74cm',88.0000,NULL),
(100,32,'新品雪尼尔提花中式沙发垫 柔软舒适蕾丝花边雪尼尔沙发垫 爱丽斯 90x160cm',NULL,399,13,'https://gulimall-renchao.oss-cn-hangzhou.aliyuncs.com/2022-11-07/0903292b-346d-4b25-890c-10f4cb8a0a59_爱丽斯（裙边款）1.jpg','新品雪尼尔提花中式沙发垫 柔软舒适蕾丝花边雪尼尔沙发垫 爱丽斯 90x160cm','新品雪尼尔提花中式沙发垫 柔软舒适蕾丝花边雪尼尔沙发垫 爱丽斯 ',359.0000,NULL),
(101,32,'新品雪尼尔提花中式沙发垫 柔软舒适蕾丝花边雪尼尔沙发垫 爱丽斯 90x90cm',NULL,399,13,'https://gulimall-renchao.oss-cn-hangzhou.aliyuncs.com/2022-11-07/35d6fb82-3e6d-4010-85d0-53ec32193566_爱丽斯（裙边款）3.jpg','新品雪尼尔提花中式沙发垫 柔软舒适蕾丝花边雪尼尔沙发垫 爱丽斯 90x90cm','新品雪尼尔提花中式沙发垫 柔软舒适蕾丝花边雪尼尔沙发垫 爱丽斯 ',299.0000,NULL),
(102,32,'新品雪尼尔提花中式沙发垫 柔软舒适蕾丝花边雪尼尔沙发垫 宝石蓝 90x160cm',NULL,399,13,'https://gulimall-renchao.oss-cn-hangzhou.aliyuncs.com/2022-11-07/6e7cfc79-5f89-4293-8b9a-5e52e3dc6b11_宝石蓝1.jpg','新品雪尼尔提花中式沙发垫 柔软舒适蕾丝花边雪尼尔沙发垫 宝石蓝 90x160cm','新品雪尼尔提花中式沙发垫 柔软舒适蕾丝花边雪尼尔沙发垫 爱丽斯 ',359.0000,NULL),
(103,32,'新品雪尼尔提花中式沙发垫 柔软舒适蕾丝花边雪尼尔沙发垫 宝石蓝 90x90cm',NULL,399,13,'https://gulimall-renchao.oss-cn-hangzhou.aliyuncs.com/2022-11-07/dc5e7eb6-9012-4878-8907-994da625829f_宝石蓝3.jpg','新品雪尼尔提花中式沙发垫 柔软舒适蕾丝花边雪尼尔沙发垫 宝石蓝 90x90cm','新品雪尼尔提花中式沙发垫 柔软舒适蕾丝花边雪尼尔沙发垫 爱丽斯 ',299.0000,NULL),
(104,32,'新品雪尼尔提花中式沙发垫 柔软舒适蕾丝花边雪尼尔沙发垫 朵朵花开 90x160cm',NULL,399,13,'https://gulimall-renchao.oss-cn-hangzhou.aliyuncs.com/2022-11-07/f3048386-73f4-4bf1-830f-e0a4ff7f0b98_朵朵花开（高精密）2.jpg','新品雪尼尔提花中式沙发垫 柔软舒适蕾丝花边雪尼尔沙发垫 朵朵花开 90x160cm','新品雪尼尔提花中式沙发垫 柔软舒适蕾丝花边雪尼尔沙发垫 爱丽斯 ',359.0000,NULL),
(105,32,'新品雪尼尔提花中式沙发垫 柔软舒适蕾丝花边雪尼尔沙发垫 朵朵花开 90x90cm',NULL,399,13,'https://gulimall-renchao.oss-cn-hangzhou.aliyuncs.com/2022-11-07/83678988-ba7a-415d-8f67-1e5fffd1d61d_朵朵花开（高精密）3.jpg','新品雪尼尔提花中式沙发垫 柔软舒适蕾丝花边雪尼尔沙发垫 朵朵花开 90x90cm','新品雪尼尔提花中式沙发垫 柔软舒适蕾丝花边雪尼尔沙发垫 爱丽斯 ',299.0000,NULL),
(106,32,'新品雪尼尔提花中式沙发垫 柔软舒适蕾丝花边雪尼尔沙发垫 翡翠绿 90x160cm',NULL,399,13,'https://gulimall-renchao.oss-cn-hangzhou.aliyuncs.com/2022-11-07/b0490ec3-1acf-4e32-8f42-5e54af5439a5_翡翠绿-裙边2.jpg','新品雪尼尔提花中式沙发垫 柔软舒适蕾丝花边雪尼尔沙发垫 翡翠绿 90x160cm','新品雪尼尔提花中式沙发垫 柔软舒适蕾丝花边雪尼尔沙发垫 爱丽斯 ',359.0000,NULL),
(107,32,'新品雪尼尔提花中式沙发垫 柔软舒适蕾丝花边雪尼尔沙发垫 翡翠绿 90x90cm',NULL,399,13,'https://gulimall-renchao.oss-cn-hangzhou.aliyuncs.com/2022-11-07/e5f40fc6-1534-4ebc-8ce4-4dcfcacda784_翡翠绿-裙边3.jpg','新品雪尼尔提花中式沙发垫 柔软舒适蕾丝花边雪尼尔沙发垫 翡翠绿 90x90cm','新品雪尼尔提花中式沙发垫 柔软舒适蕾丝花边雪尼尔沙发垫 爱丽斯 ',299.0000,NULL),
(108,33,'简约轻奢 四季通用 亲肤面料四季通用沙发垫-童话屋 粉色 90x90cm',NULL,399,14,'https://gulimall-renchao.oss-cn-hangzhou.aliyuncs.com/2022-11-07/c4d22e8f-5e7b-4e2c-8bef-1fc3ffce4f27_童话屋粉3.jpg','简约轻奢 四季通用 亲肤面料四季通用沙发垫-童话屋 粉色 90x90cm','简约轻奢 四季通用 亲肤面料四季通用沙发垫-童话屋 ',269.0000,NULL),
(109,33,'简约轻奢 四季通用 亲肤面料四季通用沙发垫-童话屋 粉色 90x160cm',NULL,399,14,'https://gulimall-renchao.oss-cn-hangzhou.aliyuncs.com/2022-11-07/efa6d376-5dff-4f3a-807d-d1bf23e814d9_童话屋粉5.jpg','简约轻奢 四季通用 亲肤面料四季通用沙发垫-童话屋 粉色 90x160cm','简约轻奢 四季通用 亲肤面料四季通用沙发垫-童话屋',329.0000,NULL),
(110,33,'简约轻奢 四季通用 亲肤面料四季通用沙发垫-童话屋 灰色 90x90cm',NULL,399,14,'https://gulimall-renchao.oss-cn-hangzhou.aliyuncs.com/2022-11-07/f70ab26d-0ccc-4c64-8f62-b002b0b360a7_童话屋灰1.jpg','简约轻奢 四季通用 亲肤面料四季通用沙发垫-童话屋 灰色 90x90cm','简约轻奢 四季通用 亲肤面料四季通用沙发垫-童话屋',269.0000,NULL),
(111,33,'简约轻奢 四季通用 亲肤面料四季通用沙发垫-童话屋 灰色 90x160cm',NULL,399,14,'https://gulimall-renchao.oss-cn-hangzhou.aliyuncs.com/2022-11-07/5e10a978-d710-4a98-8808-f74af834be14_童话屋灰2.jpg','简约轻奢 四季通用 亲肤面料四季通用沙发垫-童话屋 灰色 90x160cm','简约轻奢 四季通用 亲肤面料四季通用沙发垫-童话屋',329.0000,NULL),
(112,33,'简约轻奢 四季通用 亲肤面料四季通用沙发垫-童话屋 蓝色 90x90cm',NULL,399,14,'https://gulimall-renchao.oss-cn-hangzhou.aliyuncs.com/2022-11-07/afdd439f-822d-4987-8532-51726b5e680d_童话屋蓝1.jpg','简约轻奢 四季通用 亲肤面料四季通用沙发垫-童话屋 蓝色 90x90cm','简约轻奢 四季通用 亲肤面料四季通用沙发垫-童话屋',269.0000,NULL),
(113,33,'简约轻奢 四季通用 亲肤面料四季通用沙发垫-童话屋 蓝色 90x160cm',NULL,399,14,'https://gulimall-renchao.oss-cn-hangzhou.aliyuncs.com/2022-11-07/335a8bdf-490c-4f4d-86a3-2a2517d847a3_童话屋蓝2.jpg','简约轻奢 四季通用 亲肤面料四季通用沙发垫-童话屋 蓝色 90x160cm','简约轻奢 四季通用 亲肤面料四季通用沙发垫-童话屋',329.0000,NULL),
(114,33,'简约轻奢 四季通用 亲肤面料四季通用沙发垫-童话屋 绿色 90x90cm',NULL,399,14,'https://gulimall-renchao.oss-cn-hangzhou.aliyuncs.com/2022-11-07/859c94ff-f206-4370-8007-0fec66198942_童话屋绿1.jpg','简约轻奢 四季通用 亲肤面料四季通用沙发垫-童话屋 绿色 90x90cm','简约轻奢 四季通用 亲肤面料四季通用沙发垫-童话屋',269.0000,NULL),
(115,33,'简约轻奢 四季通用 亲肤面料四季通用沙发垫-童话屋 绿色 90x160cm',NULL,399,14,'https://gulimall-renchao.oss-cn-hangzhou.aliyuncs.com/2022-11-07/cfe19ad5-b10f-4fbf-8152-3bcc733d9856_童话屋绿2.jpg','简约轻奢 四季通用 亲肤面料四季通用沙发垫-童话屋 绿色 90x160cm','简约轻奢 四季通用 亲肤面料四季通用沙发垫-童话屋',329.0000,NULL),
(116,33,'简约轻奢 四季通用 亲肤面料四季通用沙发垫-童话屋 米色 90x90cm',NULL,399,14,'https://gulimall-renchao.oss-cn-hangzhou.aliyuncs.com/2022-11-07/8087984d-a3ae-4aab-8116-6efd373a9a3d_童话屋米1.jpg','简约轻奢 四季通用 亲肤面料四季通用沙发垫-童话屋 米色 90x90cm','简约轻奢 四季通用 亲肤面料四季通用沙发垫-童话屋',269.0000,NULL),
(117,33,'简约轻奢 四季通用 亲肤面料四季通用沙发垫-童话屋 米色 90x160cm',NULL,399,14,'https://gulimall-renchao.oss-cn-hangzhou.aliyuncs.com/2022-11-07/c6463468-71b7-4c56-8292-d6edd6e09fef_童话屋米3.jpg','简约轻奢 四季通用 亲肤面料四季通用沙发垫-童话屋 米色 90x160cm','简约轻奢 四季通用 亲肤面料四季通用沙发垫-童话屋',329.0000,NULL);

/*Table structure for table `pms_sku_sale_attr_value` */

DROP TABLE IF EXISTS `pms_sku_sale_attr_value`;

CREATE TABLE `pms_sku_sale_attr_value` (
  `id` bigint NOT NULL AUTO_INCREMENT COMMENT 'id',
  `sku_id` bigint DEFAULT NULL COMMENT 'sku_id',
  `attr_id` bigint DEFAULT NULL COMMENT 'attr_id',
  `attr_name` varchar(200) DEFAULT NULL COMMENT '销售属性名',
  `attr_value` varchar(200) DEFAULT NULL COMMENT '销售属性值',
  `attr_sort` int DEFAULT NULL COMMENT '顺序',
  PRIMARY KEY (`id`)
) ENGINE=InnoDB AUTO_INCREMENT=231 DEFAULT CHARSET=utf8mb4 COLLATE=utf8mb4_0900_ai_ci COMMENT='sku销售属性&值';

/*Data for the table `pms_sku_sale_attr_value` */

insert  into `pms_sku_sale_attr_value`(`id`,`sku_id`,`attr_id`,`attr_name`,`attr_value`,`attr_sort`) values 
(15,8,6,'颜色','白色',NULL),
(16,8,8,'型号','8GB+128GB',NULL),
(17,9,6,'颜色','白色',NULL),
(18,9,8,'型号','6GB+128GB',NULL),
(19,10,6,'颜色','黑色',NULL),
(20,10,8,'型号','8GB+128GB',NULL),
(21,11,6,'颜色','黑色',NULL),
(22,11,8,'型号','6GB+128GB',NULL),
(23,12,6,'颜色','白色',NULL),
(24,12,8,'型号','8GB+128GB',NULL),
(25,13,6,'颜色','白色',NULL),
(26,13,8,'型号','6GB+128GB',NULL),
(27,14,6,'颜色','黑色',NULL),
(28,14,8,'型号','8GB+128GB',NULL),
(29,15,6,'颜色','黑色',NULL),
(30,15,8,'型号','6GB+128GB',NULL),
(31,16,6,'颜色','白色',NULL),
(32,16,8,'型号','8GB+128GB',NULL),
(33,17,6,'颜色','白色',NULL),
(34,17,8,'型号','6GB+128GB',NULL),
(35,18,6,'颜色','黑色',NULL),
(36,18,8,'型号','8GB+128GB',NULL),
(37,19,6,'颜色','黑色',NULL),
(38,19,8,'型号','6GB+128GB',NULL),
(39,20,6,'颜色','白色',NULL),
(40,20,8,'型号','8GB+128GB',NULL),
(41,21,6,'颜色','白色',NULL),
(42,21,8,'型号','6GB+128GB',NULL),
(43,22,6,'颜色','黑色',NULL),
(44,22,8,'型号','8GB+128GB',NULL),
(45,23,6,'颜色','黑色',NULL),
(46,23,8,'型号','6GB+128GB',NULL),
(47,24,6,'颜色','白色',NULL),
(48,24,8,'型号','8GB+128GB',NULL),
(49,25,6,'颜色','白色',NULL),
(50,25,8,'型号','6GB+128GB',NULL),
(51,26,6,'颜色','黑色',NULL),
(52,26,8,'型号','8GB+128GB',NULL),
(53,27,6,'颜色','黑色',NULL),
(54,27,8,'型号','6GB+128GB',NULL),
(55,28,6,'颜色','白色',NULL),
(56,28,8,'型号','128G',NULL),
(57,29,6,'颜色','白色',NULL),
(58,29,8,'型号','256G',NULL),
(59,30,6,'颜色','白色',NULL),
(60,30,8,'型号','512G',NULL),
(61,31,6,'颜色','黑色',NULL),
(62,31,8,'型号','128G',NULL),
(63,32,6,'颜色','黑色',NULL),
(64,32,8,'型号','256G',NULL),
(65,33,6,'颜色','黑色',NULL),
(66,33,8,'型号','512G',NULL),
(67,34,6,'颜色','蓝色',NULL),
(68,34,8,'型号','128G',NULL),
(69,35,6,'颜色','蓝色',NULL),
(70,35,8,'型号','256G',NULL),
(71,36,6,'颜色','蓝色',NULL),
(72,36,8,'型号','512G',NULL),
(73,37,6,'颜色','普罗旺斯',NULL),
(74,37,8,'型号','128G',NULL),
(75,38,6,'颜色','普罗旺斯',NULL),
(76,38,8,'型号','256G',NULL),
(77,39,6,'颜色','绮境森林',NULL),
(78,39,8,'型号','128G',NULL),
(79,40,6,'颜色','绮境森林',NULL),
(80,40,8,'型号','256G',NULL),
(81,41,6,'颜色','曜金黑',NULL),
(82,41,8,'型号','128G',NULL),
(83,42,6,'颜色','曜金黑',NULL),
(84,42,8,'型号','256G',NULL),
(85,43,37,'颜色','卡其',NULL),
(86,43,38,'尺寸','200x230cm',NULL),
(87,44,37,'颜色','卡其',NULL),
(88,44,38,'尺寸','220x240cm',NULL),
(89,45,37,'颜色','银灰色',NULL),
(90,45,38,'尺寸','200x230cm',NULL),
(91,46,37,'颜色','银灰色',NULL),
(92,46,38,'尺寸','220x240cm',NULL),
(93,47,37,'颜色','繁星',NULL),
(94,47,38,'尺寸','200x230cm',NULL),
(95,48,37,'颜色','繁星',NULL),
(96,48,38,'尺寸','220x240cm',NULL),
(97,49,37,'颜色','布朗尼',NULL),
(98,49,38,'尺寸','200x230cm',NULL),
(99,50,37,'颜色','布朗尼',NULL),
(100,50,38,'尺寸','220x240cm',NULL),
(101,51,37,'颜色','豹纹',NULL),
(102,51,38,'尺寸','200x230cm',NULL),
(103,52,37,'颜色','豹纹',NULL),
(104,52,38,'尺寸','220x240cm',NULL),
(105,53,39,'颜色','皎玉粉',NULL),
(106,53,40,'尺寸','200x230cm',NULL),
(107,54,39,'颜色','皎玉粉',NULL),
(108,54,40,'尺寸','220x240cm',NULL),
(109,55,39,'颜色','兰波青',NULL),
(110,55,40,'尺寸','200x230cm',NULL),
(111,56,39,'颜色','兰波青',NULL),
(112,56,40,'尺寸','220x240cm',NULL),
(113,57,39,'颜色','莫蓝迪',NULL),
(114,57,40,'尺寸','200x230cm',NULL),
(115,58,39,'颜色','莫蓝迪',NULL),
(116,58,40,'尺寸','220x240cm',NULL),
(117,59,39,'颜色','珠暮白',NULL),
(118,59,40,'尺寸','200x230cm',NULL),
(119,60,39,'颜色','珠暮白',NULL),
(120,60,40,'尺寸','220x240cm',NULL),
(121,61,39,'颜色','烟沉灰',NULL),
(122,61,40,'尺寸','200x230cm',NULL),
(123,62,39,'颜色','烟沉灰',NULL),
(124,62,40,'尺寸','220x240cm',NULL),
(125,63,39,'颜色','白色',NULL),
(126,63,40,'尺寸','200x230cm',NULL),
(127,64,39,'颜色','白色',NULL),
(128,64,40,'尺寸','220x240cm',NULL),
(129,65,39,'颜色','粉色',NULL),
(130,65,40,'尺寸','200x230cm',NULL),
(131,66,39,'颜色','粉色',NULL),
(132,66,40,'尺寸','220x240cm',NULL),
(133,67,39,'颜色','红色',NULL),
(134,67,40,'尺寸','200x230cm',NULL),
(135,68,39,'颜色','红色',NULL),
(136,68,40,'尺寸','220x240cm',NULL),
(137,69,39,'颜色','黄色',NULL),
(138,69,40,'尺寸','200x230cm',NULL),
(139,70,39,'颜色','黄色',NULL),
(140,70,40,'尺寸','220x240cm',NULL),
(141,71,39,'颜色','草绿方格',NULL),
(142,71,40,'尺寸','200x230cm',NULL),
(143,72,39,'颜色','粉色',NULL),
(144,72,40,'尺寸','200x230cm',NULL),
(145,73,39,'颜色','橘红方格',NULL),
(146,73,40,'尺寸','200x230cm',NULL),
(147,74,39,'颜色','咖啡方格',NULL),
(148,74,40,'尺寸','200x230cm',NULL),
(149,75,39,'颜色','普蓝方格',NULL),
(150,75,40,'尺寸','200x230cm',NULL),
(151,76,39,'颜色','灰色',NULL),
(152,76,40,'尺寸','200x230cm',NULL),
(153,77,39,'颜色','灰色',NULL),
(154,77,40,'尺寸','220x240cm',NULL),
(155,78,39,'颜色','粉色',NULL),
(156,78,40,'尺寸','200x230cm',NULL),
(157,79,39,'颜色','粉色',NULL),
(158,79,40,'尺寸','220x240cm',NULL),
(159,80,39,'颜色','白色',NULL),
(160,80,40,'尺寸','200x230cm',NULL),
(161,81,39,'颜色','白色',NULL),
(162,81,40,'尺寸','220x240cm',NULL),
(163,82,37,'颜色','柠檬黄',NULL),
(164,82,38,'尺寸','200x230cm',NULL),
(165,83,37,'颜色','柠檬黄',NULL),
(166,83,38,'尺寸','220x240cm',NULL),
(167,84,37,'颜色','奶白橘',NULL),
(168,84,38,'尺寸','200x230cm',NULL),
(169,85,37,'颜色','奶白橘',NULL),
(170,85,38,'尺寸','220x240cm',NULL),
(171,86,37,'颜色','流光粉',NULL),
(172,86,38,'尺寸','200x230cm',NULL),
(173,87,37,'颜色','流光粉',NULL),
(174,87,38,'尺寸','220x240cm',NULL),
(175,88,37,'颜色','芥末黄',NULL),
(176,88,38,'尺寸','200x230cm',NULL),
(177,89,37,'颜色','芥末黄',NULL),
(178,89,38,'尺寸','220x240cm',NULL),
(179,90,37,'颜色','焦糖黄',NULL),
(180,90,38,'尺寸','200x230cm',NULL),
(181,91,37,'颜色','焦糖黄',NULL),
(182,91,38,'尺寸','220x240cm',NULL),
(183,92,37,'颜色','灰蓝',NULL),
(184,92,38,'尺寸','200x230cm',NULL),
(185,93,37,'颜色','灰蓝',NULL),
(186,93,38,'尺寸','220x240cm',NULL),
(187,94,37,'颜色','茶绿',NULL),
(188,94,38,'尺寸','200x230cm',NULL),
(189,95,37,'颜色','茶绿',NULL),
(190,95,38,'尺寸','220x240cm',NULL),
(191,96,41,'颜色分类','中枕',NULL),
(192,97,41,'颜色分类','低枕',NULL),
(193,98,41,'颜色分类','高枕',NULL),
(194,99,41,'颜色分类','48x74cm',NULL),
(195,100,35,'颜色分类','爱丽斯',NULL),
(196,100,36,'尺寸','90x160cm',NULL),
(197,101,35,'颜色分类','爱丽斯',NULL),
(198,101,36,'尺寸','90x90cm',NULL),
(199,102,35,'颜色分类','宝石蓝',NULL),
(200,102,36,'尺寸','90x160cm',NULL),
(201,103,35,'颜色分类','宝石蓝',NULL),
(202,103,36,'尺寸','90x90cm',NULL),
(203,104,35,'颜色分类','朵朵花开',NULL),
(204,104,36,'尺寸','90x160cm',NULL),
(205,105,35,'颜色分类','朵朵花开',NULL),
(206,105,36,'尺寸','90x90cm',NULL),
(207,106,35,'颜色分类','翡翠绿',NULL),
(208,106,36,'尺寸','90x160cm',NULL),
(209,107,35,'颜色分类','翡翠绿',NULL),
(210,107,36,'尺寸','90x90cm',NULL),
(211,108,35,'颜色分类','粉色',NULL),
(212,108,36,'尺寸','90x90cm',NULL),
(213,109,35,'颜色分类','粉色',NULL),
(214,109,36,'尺寸','90x160cm',NULL),
(215,110,35,'颜色分类','灰色',NULL),
(216,110,36,'尺寸','90x90cm',NULL),
(217,111,35,'颜色分类','灰色',NULL),
(218,111,36,'尺寸','90x160cm',NULL),
(219,112,35,'颜色分类','蓝色',NULL),
(220,112,36,'尺寸','90x90cm',NULL),
(221,113,35,'颜色分类','蓝色',NULL),
(222,113,36,'尺寸','90x160cm',NULL),
(223,114,35,'颜色分类','绿色',NULL),
(224,114,36,'尺寸','90x90cm',NULL),
(225,115,35,'颜色分类','绿色',NULL),
(226,115,36,'尺寸','90x160cm',NULL),
(227,116,35,'颜色分类','米色',NULL),
(228,116,36,'尺寸','90x90cm',NULL),
(229,117,35,'颜色分类','米色',NULL),
(230,117,36,'尺寸','90x160cm',NULL);

/*Table structure for table `pms_spu_comment` */

DROP TABLE IF EXISTS `pms_spu_comment`;

CREATE TABLE `pms_spu_comment` (
  `id` bigint NOT NULL AUTO_INCREMENT COMMENT 'id',
  `sku_id` bigint DEFAULT NULL COMMENT 'sku_id',
  `spu_id` bigint DEFAULT NULL COMMENT 'spu_id',
  `spu_name` varchar(255) DEFAULT NULL COMMENT '商品名字',
  `member_nick_name` varchar(255) DEFAULT NULL COMMENT '会员昵称',
  `star` tinyint(1) DEFAULT NULL COMMENT '星级',
  `member_ip` varchar(64) DEFAULT NULL COMMENT '会员ip',
  `create_time` datetime DEFAULT NULL COMMENT '创建时间',
  `show_status` tinyint(1) DEFAULT NULL COMMENT '显示状态[0-不显示，1-显示]',
  `spu_attributes` varchar(255) DEFAULT NULL COMMENT '购买时属性组合',
  `likes_count` int DEFAULT NULL COMMENT '点赞数',
  `reply_count` int DEFAULT NULL COMMENT '回复数',
  `resources` varchar(1000) DEFAULT NULL COMMENT '评论图片/视频[json数据；[{type:文件类型,url:资源路径}]]',
  `content` text COMMENT '内容',
  `member_icon` varchar(255) DEFAULT NULL COMMENT '用户头像',
  `comment_type` tinyint DEFAULT NULL COMMENT '评论类型[0 - 对商品的直接评论，1 - 对评论的回复]',
  PRIMARY KEY (`id`)
) ENGINE=InnoDB DEFAULT CHARSET=utf8mb4 COLLATE=utf8mb4_0900_ai_ci COMMENT='商品评价';

/*Data for the table `pms_spu_comment` */

/*Table structure for table `pms_spu_images` */

DROP TABLE IF EXISTS `pms_spu_images`;

CREATE TABLE `pms_spu_images` (
  `id` bigint NOT NULL AUTO_INCREMENT COMMENT 'id',
  `spu_id` bigint DEFAULT NULL COMMENT 'spu_id',
  `img_name` varchar(200) DEFAULT NULL COMMENT '图片名',
  `img_url` varchar(255) DEFAULT NULL COMMENT '图片地址',
  `img_sort` int DEFAULT NULL COMMENT '顺序',
  `default_img` tinyint DEFAULT NULL COMMENT '是否默认图',
  PRIMARY KEY (`id`)
) ENGINE=InnoDB AUTO_INCREMENT=156 DEFAULT CHARSET=utf8mb4 COLLATE=utf8mb4_0900_ai_ci COMMENT='spu图片';

/*Data for the table `pms_spu_images` */

insert  into `pms_spu_images`(`id`,`spu_id`,`img_name`,`img_url`,`img_sort`,`default_img`) values 
(26,12,NULL,'https://gulimall-renchao.oss-cn-hangzhou.aliyuncs.com/2022-07-23//d44891ae-b552-497e-8892-b7d3218c82ed_0d40c24b264aa511.jpg',NULL,NULL),
(27,12,NULL,'https://gulimall-renchao.oss-cn-hangzhou.aliyuncs.com/2022-07-23//3baf69c9-ae6f-4474-835f-2ae42e17f85c_8bf441260bffa42f.jpg',NULL,NULL),
(28,12,NULL,'https://gulimall-renchao.oss-cn-hangzhou.aliyuncs.com/2022-07-23//e8bf30fe-8122-4d7a-8a3c-ed9630ed3676_23cd65077f12f7f5.jpg',NULL,NULL),
(29,12,NULL,'https://gulimall-renchao.oss-cn-hangzhou.aliyuncs.com/2022-07-23//37a69d11-3436-4012-8d50-aa199e07f80d_73ab4d2e818d2211.jpg',NULL,NULL),
(30,12,NULL,'https://gulimall-renchao.oss-cn-hangzhou.aliyuncs.com/2022-07-23//a9ebb909-fd2e-48c9-83d0-70231b30cbeb_a2c208410ae84d1f.jpg',NULL,NULL),
(31,13,NULL,'https://gulimall-renchao.oss-cn-hangzhou.aliyuncs.com/2022-07-24/d588544a-5ee1-4ed9-83a3-d0dd24aa9cc9_1.jpg',NULL,NULL),
(32,13,NULL,'https://gulimall-renchao.oss-cn-hangzhou.aliyuncs.com/2022-07-24/5d173688-10a1-427e-8ae1-d876eed28f3d_2.jpg',NULL,NULL),
(33,13,NULL,'https://gulimall-renchao.oss-cn-hangzhou.aliyuncs.com/2022-07-24/5704ebe3-c609-4c95-8f4f-040045b7ba4b_3.jpg',NULL,NULL),
(34,13,NULL,'https://gulimall-renchao.oss-cn-hangzhou.aliyuncs.com/2022-07-24/2aa5c88e-2173-40ba-8dd4-27c342c8a62b_4.jpg',NULL,NULL),
(35,13,NULL,'https://gulimall-renchao.oss-cn-hangzhou.aliyuncs.com/2022-07-23//37a69d11-3436-4012-8d50-aa199e07f80d_73ab4d2e818d2211.jpg',NULL,NULL),
(36,14,NULL,'https://gulimall-renchao.oss-cn-hangzhou.aliyuncs.com/2022-07-24/d588544a-5ee1-4ed9-83a3-d0dd24aa9cc9_1.jpg',NULL,NULL),
(37,14,NULL,'https://gulimall-renchao.oss-cn-hangzhou.aliyuncs.com/2022-07-24/5d173688-10a1-427e-8ae1-d876eed28f3d_2.jpg',NULL,NULL),
(38,14,NULL,'https://gulimall-renchao.oss-cn-hangzhou.aliyuncs.com/2022-07-24/5704ebe3-c609-4c95-8f4f-040045b7ba4b_3.jpg',NULL,NULL),
(39,14,NULL,'https://gulimall-renchao.oss-cn-hangzhou.aliyuncs.com/2022-07-24/2aa5c88e-2173-40ba-8dd4-27c342c8a62b_4.jpg',NULL,NULL),
(40,14,NULL,'https://gulimall-renchao.oss-cn-hangzhou.aliyuncs.com/2022-07-23//37a69d11-3436-4012-8d50-aa199e07f80d_73ab4d2e818d2211.jpg',NULL,NULL),
(41,15,NULL,'https://gulimall-renchao.oss-cn-hangzhou.aliyuncs.com/2022-07-24/d588544a-5ee1-4ed9-83a3-d0dd24aa9cc9_1.jpg',NULL,NULL),
(42,15,NULL,'https://gulimall-renchao.oss-cn-hangzhou.aliyuncs.com/2022-07-24/5d173688-10a1-427e-8ae1-d876eed28f3d_2.jpg',NULL,NULL),
(43,15,NULL,'https://gulimall-renchao.oss-cn-hangzhou.aliyuncs.com/2022-07-24/5704ebe3-c609-4c95-8f4f-040045b7ba4b_3.jpg',NULL,NULL),
(44,15,NULL,'https://gulimall-renchao.oss-cn-hangzhou.aliyuncs.com/2022-07-24/2aa5c88e-2173-40ba-8dd4-27c342c8a62b_4.jpg',NULL,NULL),
(45,15,NULL,'https://gulimall-renchao.oss-cn-hangzhou.aliyuncs.com/2022-07-23//37a69d11-3436-4012-8d50-aa199e07f80d_73ab4d2e818d2211.jpg',NULL,NULL),
(46,16,NULL,'https://gulimall-renchao.oss-cn-hangzhou.aliyuncs.com/2022-07-23//d44891ae-b552-497e-8892-b7d3218c82ed_0d40c24b264aa511.jpg',NULL,NULL),
(47,16,NULL,'https://gulimall-renchao.oss-cn-hangzhou.aliyuncs.com/2022-07-23//3baf69c9-ae6f-4474-835f-2ae42e17f85c_8bf441260bffa42f.jpg',NULL,NULL),
(48,16,NULL,'https://gulimall-renchao.oss-cn-hangzhou.aliyuncs.com/2022-07-23//e8bf30fe-8122-4d7a-8a3c-ed9630ed3676_23cd65077f12f7f5.jpg',NULL,NULL),
(49,16,NULL,'https://gulimall-renchao.oss-cn-hangzhou.aliyuncs.com/2022-07-23//37a69d11-3436-4012-8d50-aa199e07f80d_73ab4d2e818d2211.jpg',NULL,NULL),
(50,16,NULL,'https://gulimall-renchao.oss-cn-hangzhou.aliyuncs.com/2022-07-23//a9ebb909-fd2e-48c9-83d0-70231b30cbeb_a2c208410ae84d1f.jpg',NULL,NULL),
(51,17,NULL,'https://gulimall-renchao.oss-cn-hangzhou.aliyuncs.com/2022-08-01/622c0c27-d3a7-4de8-8bb8-a3bd8479ed4f_1.jpg',NULL,NULL),
(52,17,NULL,'https://gulimall-renchao.oss-cn-hangzhou.aliyuncs.com/2022-08-01/19840154-c8c8-4c6f-8dca-1d730682d930_2.jpg',NULL,NULL),
(53,17,NULL,'https://gulimall-renchao.oss-cn-hangzhou.aliyuncs.com/2022-08-01/2315a402-3240-4ea2-822f-d64eb1febc12_3.jpg',NULL,NULL),
(54,17,NULL,'https://gulimall-renchao.oss-cn-hangzhou.aliyuncs.com/2022-08-01/e79ed1a8-3dc1-4b1e-8088-dcb4c7c3b0ff_4.jpg',NULL,NULL),
(55,17,NULL,'https://gulimall-renchao.oss-cn-hangzhou.aliyuncs.com/2022-08-01/1d300167-8093-4782-80b1-09e633a1cbdb_5.jpg',NULL,NULL),
(56,18,NULL,'https://gulimall-renchao.oss-cn-hangzhou.aliyuncs.com/2022-08-01/0b3049aa-2adf-4b50-85d6-ec6831456d79_1.jpg',NULL,NULL),
(57,18,NULL,'https://gulimall-renchao.oss-cn-hangzhou.aliyuncs.com/2022-08-01/bc1a405c-4189-40fd-8a18-6059167be3d1_2.jpg',NULL,NULL),
(58,18,NULL,'https://gulimall-renchao.oss-cn-hangzhou.aliyuncs.com/2022-08-01/71dc5157-e766-4760-8828-2c9c0405dd11_3.jpg',NULL,NULL),
(59,18,NULL,'https://gulimall-renchao.oss-cn-hangzhou.aliyuncs.com/2022-08-01/a6ef0f19-f4be-4b3f-88e6-49be9b5a89e9_4.jpg',NULL,NULL),
(60,18,NULL,'https://gulimall-renchao.oss-cn-hangzhou.aliyuncs.com/2022-08-01/1d8ae550-e83e-49cc-87fa-ae265e1b46d6_5.jpg',NULL,NULL),
(65,20,NULL,'https://gulimall-renchao.oss-cn-hangzhou.aliyuncs.com/2022-11-05/d1891d6b-b75d-4f38-8d43-d2de20c07500_博卡诺 卡其2.jpg',NULL,NULL),
(66,20,NULL,'https://gulimall-renchao.oss-cn-hangzhou.aliyuncs.com/2022-11-05/3579f053-372d-482a-8afb-8433c8a1e158_博卡诺 银灰2.jpg',NULL,NULL),
(67,20,NULL,'https://gulimall-renchao.oss-cn-hangzhou.aliyuncs.com/2022-11-05/ad5c30ab-32e9-4433-8fec-7cbb1b884522_博卡诺 卡其1.jpg',NULL,NULL),
(68,20,NULL,'https://gulimall-renchao.oss-cn-hangzhou.aliyuncs.com/2022-11-05/f6826bbf-108f-4830-84dd-e73b38948b09_博卡诺-深灰褐色2.jpg',NULL,NULL),
(73,22,NULL,'https://gulimall-renchao.oss-cn-hangzhou.aliyuncs.com/2022-11-05/9dacb56a-da60-4b0e-8171-482e46daa585_豹纹1.jpg',NULL,NULL),
(74,22,NULL,'https://gulimall-renchao.oss-cn-hangzhou.aliyuncs.com/2022-11-05/75c743d6-558f-44b0-8a01-4797cd407946_布朗尼1.jpg',NULL,NULL),
(75,22,NULL,'https://gulimall-renchao.oss-cn-hangzhou.aliyuncs.com/2022-11-05/38cdebc7-4029-4639-85bc-271c82063a12_繁星1.jpg',NULL,NULL),
(76,22,NULL,'https://gulimall-renchao.oss-cn-hangzhou.aliyuncs.com/2022-11-05/11d669be-c49e-4f33-8597-7f6240fa89c9_吉象1.jpg',NULL,NULL),
(87,24,NULL,'https://gulimall-renchao.oss-cn-hangzhou.aliyuncs.com/2022-11-06/ac086417-38b5-4b8b-8e91-f9e3314ac4ef_皎玉粉1.jpg',NULL,NULL),
(88,24,NULL,'https://gulimall-renchao.oss-cn-hangzhou.aliyuncs.com/2022-11-06/943580d3-1ce0-4ad0-81da-9b30a6b0df41_皎玉粉2.jpg',NULL,NULL),
(89,24,NULL,'https://gulimall-renchao.oss-cn-hangzhou.aliyuncs.com/2022-11-06/66ccc0cc-1976-43b3-8292-10aa0a4342e4_兰波青1.jpg',NULL,NULL),
(90,24,NULL,'https://gulimall-renchao.oss-cn-hangzhou.aliyuncs.com/2022-11-06/88e50812-8fdf-4c63-8db4-069212bc1a8c_兰波青4.jpg',NULL,NULL),
(91,24,NULL,'https://gulimall-renchao.oss-cn-hangzhou.aliyuncs.com/2022-11-06/05e4428c-8cb8-475e-8d9b-538f6b22760c_莫蓝迪2.jpg',NULL,NULL),
(92,24,NULL,'https://gulimall-renchao.oss-cn-hangzhou.aliyuncs.com/2022-11-06/11dbbb63-60eb-4680-882e-cdbed23203ef_莫蓝迪4.jpg',NULL,NULL),
(93,24,NULL,'https://gulimall-renchao.oss-cn-hangzhou.aliyuncs.com/2022-11-06/ea09c855-cb18-4855-8c40-afb1fbd523e3_烟沉灰1.jpg',NULL,NULL),
(94,24,NULL,'https://gulimall-renchao.oss-cn-hangzhou.aliyuncs.com/2022-11-06/611e85b4-32e6-4c5f-8902-19a1a460bbfb_烟沉灰4.jpg',NULL,NULL),
(95,24,NULL,'https://gulimall-renchao.oss-cn-hangzhou.aliyuncs.com/2022-11-06/dad6f8cd-7b06-4943-8755-46894c6dd499_珠暮白1.jpg',NULL,NULL),
(96,24,NULL,'https://gulimall-renchao.oss-cn-hangzhou.aliyuncs.com/2022-11-06/4cb0d3da-5149-474c-8347-eb6a0ebec5ac_珠暮白3.jpg',NULL,NULL),
(97,25,NULL,'https://gulimall-renchao.oss-cn-hangzhou.aliyuncs.com/2022-11-07/62357296-8d31-4f32-8d3a-7cacf86b5d78_白色1.jpg',NULL,NULL),
(98,25,NULL,'https://gulimall-renchao.oss-cn-hangzhou.aliyuncs.com/2022-11-07/22e14380-e88e-47af-81b1-a1f641885f35_白色3.jpg',NULL,NULL),
(99,25,NULL,'https://gulimall-renchao.oss-cn-hangzhou.aliyuncs.com/2022-11-07/11c71b54-6465-48de-8d47-6269b3eb5627_粉色1.jpg',NULL,NULL),
(100,25,NULL,'https://gulimall-renchao.oss-cn-hangzhou.aliyuncs.com/2022-11-07/6c17e89d-b650-4748-8533-04275251f37f_粉色3.jpg',NULL,NULL),
(101,25,NULL,'https://gulimall-renchao.oss-cn-hangzhou.aliyuncs.com/2022-11-07/440fc64f-258c-4ec4-8d76-9736b04ffb0f_红色1.jpg',NULL,NULL),
(102,25,NULL,'https://gulimall-renchao.oss-cn-hangzhou.aliyuncs.com/2022-11-07/c8ef7695-eeac-4f14-8ca7-187d1b9f82ae_红色5.jpg',NULL,NULL),
(103,25,NULL,'https://gulimall-renchao.oss-cn-hangzhou.aliyuncs.com/2022-11-07/f4bcaf14-e40f-4b11-8d4d-8087f6fcc458_黄色1.jpg',NULL,NULL),
(104,25,NULL,'https://gulimall-renchao.oss-cn-hangzhou.aliyuncs.com/2022-11-07/8befce57-fb4f-4832-83bd-b8ef6e7c19a8_黄色3.jpg',NULL,NULL),
(105,26,NULL,'https://gulimall-renchao.oss-cn-hangzhou.aliyuncs.com/2022-11-07/6dec875b-4cdf-4114-8612-504fcb89903d_草绿方格1.jpg',NULL,NULL),
(106,26,NULL,'https://gulimall-renchao.oss-cn-hangzhou.aliyuncs.com/2022-11-07/2a433623-8e94-45cc-8630-02d0a290e114_粉色1.jpg',NULL,NULL),
(107,26,NULL,'https://gulimall-renchao.oss-cn-hangzhou.aliyuncs.com/2022-11-07/26d5a4aa-72e5-4023-8759-f029c51a7d6e_橘红方格1.jpg',NULL,NULL),
(108,26,NULL,'https://gulimall-renchao.oss-cn-hangzhou.aliyuncs.com/2022-11-07/00572fd1-eb75-43e6-8cc9-a5cf284403d0_咖啡方格1.jpg',NULL,NULL),
(109,26,NULL,'https://gulimall-renchao.oss-cn-hangzhou.aliyuncs.com/2022-11-07/f10457bf-e6f6-47bd-8014-76b67bd863de_普蓝方格1.jpg',NULL,NULL),
(110,27,NULL,'https://gulimall-renchao.oss-cn-hangzhou.aliyuncs.com/2022-11-07/f62f07b3-43ad-4930-8b61-343e791c6042_白色1.jpg',NULL,NULL),
(111,27,NULL,'https://gulimall-renchao.oss-cn-hangzhou.aliyuncs.com/2022-11-07/2d1ce275-20ff-4437-8d7c-5b1b5551a871_白色4.jpg',NULL,NULL),
(112,27,NULL,'https://gulimall-renchao.oss-cn-hangzhou.aliyuncs.com/2022-11-07/287bee8c-9870-49fd-857d-0499fa5490ef_粉色1.jpg',NULL,NULL),
(113,27,NULL,'https://gulimall-renchao.oss-cn-hangzhou.aliyuncs.com/2022-11-07/7859ade5-0a19-4b24-8099-d99a10429a91_粉色4.jpg',NULL,NULL),
(114,27,NULL,'https://gulimall-renchao.oss-cn-hangzhou.aliyuncs.com/2022-11-07/0f92166a-b5d6-408c-8fd0-f04763c3690c_灰色1.jpg',NULL,NULL),
(115,27,NULL,'https://gulimall-renchao.oss-cn-hangzhou.aliyuncs.com/2022-11-07/24ea7fec-71e8-4517-888a-c8aa2c0f2271_灰色3.jpg',NULL,NULL),
(116,28,NULL,'https://gulimall-renchao.oss-cn-hangzhou.aliyuncs.com/2022-11-07/bfe831d8-842b-4e60-8a2b-356cd12f8c66_小雏菊-流光粉1.jpg',NULL,NULL),
(117,28,NULL,'https://gulimall-renchao.oss-cn-hangzhou.aliyuncs.com/2022-11-07/68de4859-fa7b-4ef7-8ec2-e5618aacca36_小雏菊-流光粉4.jpg',NULL,NULL),
(118,28,NULL,'https://gulimall-renchao.oss-cn-hangzhou.aliyuncs.com/2022-11-07/e5799e2c-c1f2-459e-89e3-c9921f8c2eb4_小雏菊-奶白橘1.jpg',NULL,NULL),
(119,28,NULL,'https://gulimall-renchao.oss-cn-hangzhou.aliyuncs.com/2022-11-07/bac6c814-e2e6-4579-84e5-991f84d6d88c_小雏菊-奶白橘4.jpg',NULL,NULL),
(120,28,NULL,'https://gulimall-renchao.oss-cn-hangzhou.aliyuncs.com/2022-11-07/c7a708a1-a9d2-41cb-83ea-041ed3ec1417_小雏菊-柠檬黄1.jpg',NULL,NULL),
(121,28,NULL,'https://gulimall-renchao.oss-cn-hangzhou.aliyuncs.com/2022-11-07/b95e64f5-a2fd-4cac-89c0-b795fa1faafb_小雏菊-柠檬黄2.jpg',NULL,NULL),
(122,29,NULL,'https://gulimall-renchao.oss-cn-hangzhou.aliyuncs.com/2022-11-07/003f1b3b-c3cf-4cf6-820c-b80330bb92d2_赫拉 茶绿1.jpg',NULL,NULL),
(123,29,NULL,'https://gulimall-renchao.oss-cn-hangzhou.aliyuncs.com/2022-11-07/d4090cea-f077-406e-8b32-ef492ed27ef6_赫拉 茶绿2.jpg',NULL,NULL),
(124,29,NULL,'https://gulimall-renchao.oss-cn-hangzhou.aliyuncs.com/2022-11-07/3273eee4-d95a-4934-8002-09a2aa7a24b2_赫拉 灰蓝1.jpg',NULL,NULL),
(125,29,NULL,'https://gulimall-renchao.oss-cn-hangzhou.aliyuncs.com/2022-11-07/0ab629c9-dcb7-4c7f-8708-9977f932874a_赫拉 灰蓝2.jpg',NULL,NULL),
(126,29,NULL,'https://gulimall-renchao.oss-cn-hangzhou.aliyuncs.com/2022-11-07/24121048-8434-42a3-8735-cd33d7a92765_赫拉 焦糖黄1.jpg',NULL,NULL),
(127,29,NULL,'https://gulimall-renchao.oss-cn-hangzhou.aliyuncs.com/2022-11-07/91569fdf-af35-433a-8eb6-76ad336f52f1_赫拉 焦糖黄2.jpg',NULL,NULL),
(128,29,NULL,'https://gulimall-renchao.oss-cn-hangzhou.aliyuncs.com/2022-11-07/e8447a62-67fa-4d9c-82d3-5d0b4ae38fbf_赫拉 芥末黄1.jpg',NULL,NULL),
(129,29,NULL,'https://gulimall-renchao.oss-cn-hangzhou.aliyuncs.com/2022-11-07/6415adc7-6140-4828-8396-50300703ff54_赫拉 芥末黄4.jpg',NULL,NULL),
(130,30,NULL,'https://gulimall-renchao.oss-cn-hangzhou.aliyuncs.com/2022-11-07/26473665-88c8-4c4e-83cc-231c35d3c629_低枕（填充800克）1.jpg',NULL,NULL),
(131,30,NULL,'https://gulimall-renchao.oss-cn-hangzhou.aliyuncs.com/2022-11-07/7005ffa9-6ae5-4ebb-8f56-ef1e0e955669_低枕（填充800克）3.jpg',NULL,NULL),
(132,30,NULL,'https://gulimall-renchao.oss-cn-hangzhou.aliyuncs.com/2022-11-07/d5f88f4b-14f0-4a66-8e40-6f12d00ded14_低枕（填充800克）5.jpg',NULL,NULL),
(133,31,NULL,'https://gulimall-renchao.oss-cn-hangzhou.aliyuncs.com/2022-11-07/78bda8fe-b604-4e35-8acf-61d465512cc3_8S护颈羽丝枕 1.jpg',NULL,NULL),
(134,32,NULL,'https://gulimall-renchao.oss-cn-hangzhou.aliyuncs.com/2022-11-07/0903292b-346d-4b25-890c-10f4cb8a0a59_爱丽斯（裙边款）1.jpg',NULL,NULL),
(135,32,NULL,'https://gulimall-renchao.oss-cn-hangzhou.aliyuncs.com/2022-11-07/35d6fb82-3e6d-4010-85d0-53ec32193566_爱丽斯（裙边款）3.jpg',NULL,NULL),
(136,32,NULL,'https://gulimall-renchao.oss-cn-hangzhou.aliyuncs.com/2022-11-07/2818c27a-4e3a-4062-879d-011db2746bd9_爱丽斯（裙边款）5.jpg',NULL,NULL),
(137,32,NULL,'https://gulimall-renchao.oss-cn-hangzhou.aliyuncs.com/2022-11-07/6e7cfc79-5f89-4293-8b9a-5e52e3dc6b11_宝石蓝1.jpg',NULL,NULL),
(138,32,NULL,'https://gulimall-renchao.oss-cn-hangzhou.aliyuncs.com/2022-11-07/a3a2e57c-d5c6-4c05-875e-570b530d3f7d_宝石蓝2.jpg',NULL,NULL),
(139,32,NULL,'https://gulimall-renchao.oss-cn-hangzhou.aliyuncs.com/2022-11-07/dc5e7eb6-9012-4878-8907-994da625829f_宝石蓝3.jpg',NULL,NULL),
(140,32,NULL,'https://gulimall-renchao.oss-cn-hangzhou.aliyuncs.com/2022-11-07/f3048386-73f4-4bf1-830f-e0a4ff7f0b98_朵朵花开（高精密）2.jpg',NULL,NULL),
(141,32,NULL,'https://gulimall-renchao.oss-cn-hangzhou.aliyuncs.com/2022-11-07/83678988-ba7a-415d-8f67-1e5fffd1d61d_朵朵花开（高精密）3.jpg',NULL,NULL),
(142,32,NULL,'https://gulimall-renchao.oss-cn-hangzhou.aliyuncs.com/2022-11-07/d358183e-8b82-4269-8b57-241aeb73d404_朵朵花开（高精密）1.jpg',NULL,NULL),
(143,32,NULL,'https://gulimall-renchao.oss-cn-hangzhou.aliyuncs.com/2022-11-07/b0490ec3-1acf-4e32-8f42-5e54af5439a5_翡翠绿-裙边2.jpg',NULL,NULL),
(144,32,NULL,'https://gulimall-renchao.oss-cn-hangzhou.aliyuncs.com/2022-11-07/e5f40fc6-1534-4ebc-8ce4-4dcfcacda784_翡翠绿-裙边3.jpg',NULL,NULL),
(145,32,NULL,'https://gulimall-renchao.oss-cn-hangzhou.aliyuncs.com/2022-11-07/4a7980d8-4ea2-44f5-8db2-549102c98292_翡翠绿-裙边4.jpg',NULL,NULL),
(146,33,NULL,'https://gulimall-renchao.oss-cn-hangzhou.aliyuncs.com/2022-11-07/c4d22e8f-5e7b-4e2c-8bef-1fc3ffce4f27_童话屋粉3.jpg',NULL,NULL),
(147,33,NULL,'https://gulimall-renchao.oss-cn-hangzhou.aliyuncs.com/2022-11-07/efa6d376-5dff-4f3a-807d-d1bf23e814d9_童话屋粉5.jpg',NULL,NULL),
(148,33,NULL,'https://gulimall-renchao.oss-cn-hangzhou.aliyuncs.com/2022-11-07/f70ab26d-0ccc-4c64-8f62-b002b0b360a7_童话屋灰1.jpg',NULL,NULL),
(149,33,NULL,'https://gulimall-renchao.oss-cn-hangzhou.aliyuncs.com/2022-11-07/5e10a978-d710-4a98-8808-f74af834be14_童话屋灰2.jpg',NULL,NULL),
(150,33,NULL,'https://gulimall-renchao.oss-cn-hangzhou.aliyuncs.com/2022-11-07/afdd439f-822d-4987-8532-51726b5e680d_童话屋蓝1.jpg',NULL,NULL),
(151,33,NULL,'https://gulimall-renchao.oss-cn-hangzhou.aliyuncs.com/2022-11-07/335a8bdf-490c-4f4d-86a3-2a2517d847a3_童话屋蓝2.jpg',NULL,NULL),
(152,33,NULL,'https://gulimall-renchao.oss-cn-hangzhou.aliyuncs.com/2022-11-07/859c94ff-f206-4370-8007-0fec66198942_童话屋绿1.jpg',NULL,NULL),
(153,33,NULL,'https://gulimall-renchao.oss-cn-hangzhou.aliyuncs.com/2022-11-07/cfe19ad5-b10f-4fbf-8152-3bcc733d9856_童话屋绿2.jpg',NULL,NULL),
(154,33,NULL,'https://gulimall-renchao.oss-cn-hangzhou.aliyuncs.com/2022-11-07/8087984d-a3ae-4aab-8116-6efd373a9a3d_童话屋米1.jpg',NULL,NULL),
(155,33,NULL,'https://gulimall-renchao.oss-cn-hangzhou.aliyuncs.com/2022-11-07/c6463468-71b7-4c56-8292-d6edd6e09fef_童话屋米3.jpg',NULL,NULL);

/*Table structure for table `pms_spu_info` */

DROP TABLE IF EXISTS `pms_spu_info`;

CREATE TABLE `pms_spu_info` (
  `id` bigint NOT NULL AUTO_INCREMENT COMMENT '商品id',
  `spu_name` varchar(200) DEFAULT NULL COMMENT '商品名称',
  `spu_description` varchar(1000) DEFAULT NULL COMMENT '商品描述',
  `catalog_id` bigint DEFAULT NULL COMMENT '所属分类id',
  `brand_id` bigint DEFAULT NULL COMMENT '品牌id',
  `weight` decimal(18,4) DEFAULT NULL,
  `publish_status` tinyint DEFAULT NULL COMMENT '上架状态[0 - 下架，1 - 上架]',
  `create_time` datetime DEFAULT NULL,
  `update_time` datetime DEFAULT NULL,
  PRIMARY KEY (`id`)
) ENGINE=InnoDB AUTO_INCREMENT=34 DEFAULT CHARSET=utf8mb4 COLLATE=utf8mb4_0900_ai_ci COMMENT='spu信息';

/*Data for the table `pms_spu_info` */

insert  into `pms_spu_info`(`id`,`spu_name`,`spu_description`,`catalog_id`,`brand_id`,`weight`,`publish_status`,`create_time`,`update_time`) values 
(12,'Redmi 10A 5000mAh大电量 1300万AI相机 八核处理器 指纹解锁','Redmi 10A 5000mAh大电量 1300万AI相机 八核处理器 指纹解锁',225,2,0.1460,1,'2022-07-24 17:00:16','2022-07-24 17:00:16'),
(16,'【Redmi照片里hello】 10A 5000mAh大电量 1300万AI相机 八核处理器 指纹解锁','【Redmi照片里hello】 10A 5000mAh大电量 1300万AI相机 八核处理器 指纹解锁',225,2,0.1460,1,'2022-07-24 17:50:16','2022-07-24 17:50:16'),
(17,'Apple iPhone 13','Apple iPhone 13',225,1,0.5550,1,'2022-08-01 09:34:32','2022-08-01 09:34:32'),
(18,'HUAWEI nova 10 【内置66W华为超级快充】 前置6000万超广角镜头 6.88mm轻薄机身','HUAWEI nova 10 【内置66W华为超级快充】 前置6000万超广角镜头 6.88mm轻薄机身',225,3,0.2350,1,'2022-08-01 09:50:30','2022-08-01 09:50:30'),
(20,'140支博卡诺四件套 亲肤舒适全棉套件','140支博卡诺四件套 亲肤舒适全棉套件',400,12,3.2000,1,'2022-11-05 11:18:13','2022-11-05 11:18:13'),
(22,'2021新款100支澳棉数码印花系列四件套第三波 亲肤澳棉四件套全棉套件','2021新款100支澳棉数码印花系列四件套第三波 亲肤澳棉四件套全棉套件',400,15,3.4400,1,'2022-11-05 13:35:58','2022-11-05 13:35:58'),
(24,'A类针织棉暖豆豆大豆被 亲肤透气柔软舒适 冬被 被子','享受惬意睡眠',401,13,3.5000,1,'2022-11-06 12:42:34','2022-11-06 12:42:34'),
(25,'80支全棉大提花羽绒被 白鹅绒被子被芯春秋被加厚冬被','呵护您的健康睡眠',401,12,3.5000,1,'2022-11-07 00:56:53','2022-11-07 00:56:53'),
(26,'新品畅销水洗棉羽绒被白鸭绒被鹅绒被芯冬被被子','新品畅销水洗棉羽绒被白鸭绒被鹅绒被芯冬被',401,15,3.6000,1,'2022-11-07 01:07:22','2022-11-07 01:07:22'),
(27,'2022新款莫代尔贡缎提花桑蚕丝夏被春秋被冬被被子被芯','轻盈舒适 四季通用',401,14,4.0000,1,'2022-11-07 01:24:45','2022-11-07 01:24:45'),
(28,'全棉100支磨毛四件套 高档经典纯棉磨毛高精密绣花套件','高档磨毛绣花四件套',400,13,3.0000,1,'2022-11-07 01:45:46','2022-11-07 01:45:46'),
(29,'新款60s兰精LF天丝四件套系列--赫拉','极致丝滑 健康舒适',400,14,3.0000,1,'2022-11-07 01:57:36','2022-11-07 01:57:36'),
(30,'希尔顿嘉悦纤维枕头枕芯48*74cm-中枕','希尔顿嘉悦纤维枕头枕芯48*74cm-中枕',402,13,1.0000,1,'2022-11-07 02:25:08','2022-11-07 02:25:08'),
(31,'8S护颈羽丝枕枕头枕芯48*74cm-8S护颈羽丝枕','8S护颈羽丝枕枕头枕芯48*74cm-8S护颈羽丝枕',402,14,1.0000,1,'2022-11-07 02:34:48','2022-11-07 02:34:48'),
(32,'新品雪尼尔提花中式沙发垫 柔软舒适蕾丝花边雪尼尔沙发垫','新品雪尼尔提花中式沙发垫 柔软舒适蕾丝花边雪尼尔沙发垫',399,13,3.0000,1,'2022-11-07 02:46:32','2022-11-07 02:46:32'),
(33,'简约轻奢 四季通用 亲肤面料四季通用沙发垫-童话屋','简约轻奢 四季通用 亲肤面料四季通用沙发垫',399,14,3.0000,1,'2022-11-07 03:00:39','2022-11-07 03:00:39');

/*Table structure for table `pms_spu_info_desc` */

DROP TABLE IF EXISTS `pms_spu_info_desc`;

CREATE TABLE `pms_spu_info_desc` (
  `spu_id` bigint NOT NULL COMMENT '商品id',
  `decript` longtext COMMENT '商品介绍',
  PRIMARY KEY (`spu_id`)
) ENGINE=InnoDB DEFAULT CHARSET=utf8mb4 COLLATE=utf8mb4_0900_ai_ci COMMENT='spu信息介绍';

/*Data for the table `pms_spu_info_desc` */

insert  into `pms_spu_info_desc`(`spu_id`,`decript`) values 
(12,'https://gulimall-renchao.oss-cn-hangzhou.aliyuncs.com/2022-07-23//d106d032-26a8-4fa6-8f53-5e34cb73b404_73366cc235d68202.jpg,https://gulimall-renchao.oss-cn-hangzhou.aliyuncs.com/2022-07-23//cf60eede-bf38-4b6d-8eaf-8c5828fe5c81_b094601548ddcb1b.jpg'),
(13,'https://gulimall-renchao.oss-cn-hangzhou.aliyuncs.com/2022-07-24/4007f4dd-7086-4c55-8938-ab57f0b0d46d_55.jpg,https://gulimall-renchao.oss-cn-hangzhou.aliyuncs.com/2022-07-24/f096db0a-26cd-43f2-8978-7d6ee814d5c1_66.jpg'),
(14,'https://gulimall-renchao.oss-cn-hangzhou.aliyuncs.com/2022-07-24/4007f4dd-7086-4c55-8938-ab57f0b0d46d_55.jpg,https://gulimall-renchao.oss-cn-hangzhou.aliyuncs.com/2022-07-24/f096db0a-26cd-43f2-8978-7d6ee814d5c1_66.jpg'),
(15,'https://gulimall-renchao.oss-cn-hangzhou.aliyuncs.com/2022-07-24/4007f4dd-7086-4c55-8938-ab57f0b0d46d_55.jpg,https://gulimall-renchao.oss-cn-hangzhou.aliyuncs.com/2022-07-24/f096db0a-26cd-43f2-8978-7d6ee814d5c1_66.jpg'),
(16,'https://gulimall-renchao.oss-cn-hangzhou.aliyuncs.com/2022-07-23//d106d032-26a8-4fa6-8f53-5e34cb73b404_73366cc235d68202.jpg,https://gulimall-renchao.oss-cn-hangzhou.aliyuncs.com/2022-07-23//cf60eede-bf38-4b6d-8eaf-8c5828fe5c81_b094601548ddcb1b.jpg'),
(17,'https://gulimall-renchao.oss-cn-hangzhou.aliyuncs.com/2022-08-01/6c76c29f-df69-40b2-888a-1c147a8d05a7_11.jpg,https://gulimall-renchao.oss-cn-hangzhou.aliyuncs.com/2022-08-01/5a4188a2-eef0-4f3b-8ff8-16785a7740b4_22.jpg'),
(18,'https://gulimall-renchao.oss-cn-hangzhou.aliyuncs.com/2022-08-01/5a9945c9-87ca-49f2-8200-de3867c78815_11.jpg,https://gulimall-renchao.oss-cn-hangzhou.aliyuncs.com/2022-08-01/c939902f-9af9-429e-841e-c1b99befbc27_22.jpg,https://gulimall-renchao.oss-cn-hangzhou.aliyuncs.com/2022-08-01/a78092cc-becf-462a-8d0a-b48d63dd756c_33.jpg'),
(20,'https://gulimall-renchao.oss-cn-hangzhou.aliyuncs.com/2022-11-05/7213cd1f-442f-4798-82b1-3b8eab8f5636_1.jpg'),
(22,'https://gulimall-renchao.oss-cn-hangzhou.aliyuncs.com/2022-11-05/f43a83a7-8918-4bfb-8f1b-f1bddffb17b7_10.jpg'),
(24,'https://gulimall-renchao.oss-cn-hangzhou.aliyuncs.com/2022-11-06/3bb6578c-a8aa-4b44-8182-31add0ed0837_1.jpg'),
(25,'https://gulimall-renchao.oss-cn-hangzhou.aliyuncs.com/2022-11-07/4566e387-c052-4cb6-81a5-2042709ad587_1.jpg'),
(26,'https://gulimall-renchao.oss-cn-hangzhou.aliyuncs.com/2022-11-07/4a3d0d83-5f29-414b-861f-d0f76e6bc5ba_1.jpg'),
(27,'https://gulimall-renchao.oss-cn-hangzhou.aliyuncs.com/2022-11-07/59c47453-4342-4bc6-8adc-7d5097f7f3c6_1.jpg'),
(28,'https://gulimall-renchao.oss-cn-hangzhou.aliyuncs.com/2022-11-07/8fbb188d-343d-4642-833f-cecd10311756_1.jpg'),
(29,'https://gulimall-renchao.oss-cn-hangzhou.aliyuncs.com/2022-11-07/c9374199-6010-4bf1-8c0a-6499e7272fa1_1.jpg'),
(30,'https://gulimall-renchao.oss-cn-hangzhou.aliyuncs.com/2022-11-07/2be5b495-c6e2-49b4-811d-f6621908c7ab_1.jpg'),
(31,'https://gulimall-renchao.oss-cn-hangzhou.aliyuncs.com/2022-11-07/c86ada20-1b9d-4238-8df2-5d19b015bbca_1.jpg'),
(32,'https://gulimall-renchao.oss-cn-hangzhou.aliyuncs.com/2022-11-07/50664877-43a3-4e0a-85c6-fe016f35b6d7_1.jpg'),
(33,'https://gulimall-renchao.oss-cn-hangzhou.aliyuncs.com/2022-11-07/dcad78a9-2097-4808-8dbf-aae42eadacce_1.jpg');

/*Table structure for table `undo_log` */

DROP TABLE IF EXISTS `undo_log`;

CREATE TABLE `undo_log` (
  `id` bigint NOT NULL AUTO_INCREMENT,
  `branch_id` bigint NOT NULL,
  `xid` varchar(100) NOT NULL,
  `context` varchar(128) NOT NULL,
  `rollback_info` longblob NOT NULL,
  `log_status` int NOT NULL,
  `log_created` datetime NOT NULL,
  `log_modified` datetime NOT NULL,
  `ext` varchar(100) DEFAULT NULL,
  PRIMARY KEY (`id`),
  UNIQUE KEY `ux_undo_log` (`xid`,`branch_id`)
) ENGINE=InnoDB DEFAULT CHARSET=utf8mb3;

/*Data for the table `undo_log` */

/*!40101 SET SQL_MODE=@OLD_SQL_MODE */;
/*!40014 SET FOREIGN_KEY_CHECKS=@OLD_FOREIGN_KEY_CHECKS */;
/*!40014 SET UNIQUE_CHECKS=@OLD_UNIQUE_CHECKS */;
/*!40111 SET SQL_NOTES=@OLD_SQL_NOTES */;
